ID,Title,Location,Created,Ended,Version,Coordinates,Impact
107944-webtirf,FLOODING,"Tathra Road between Darcy Lane Armstrong Drive(Suburb:Jellat Jellat to Kalaru, Region:REG_SOUTH)",Sat 11 Dec 2021 10:09AM,-,1 of 2,"[149.9036, -36.7208]",Both directions Closed
138357-webtirf,ADVERSE WEATHER Water over road,"Old Wallagoot Road between Kalaru Penuca Road(Suburb:Kalaru, Region:South Coast)",Wed 19 Oct 2022 02:33PM,-,1 of 12,"[149.9333, -36.7428]",Both directions Closed
153985-webtirf,FLOODING,"Sunnyside Road at  (Suburb:Tilba Tilba, Region:South Coast)",Thu 30 Mar 2023 03:47PM,-,1 of 4,"[150.1164, -36.3001]",Both directions Closed
180460.0-webtirf,FLOODING,"Tarlingtons Lane at Tantawangalo Creek (Suburb:Mogilla, Region:South Coast)",Wed 27 Dec 2023 12:53PM,-,1 of 7,"[149.6381, -36.7464]",Both directions Closed
236252-webtirf,FLOODING,"East Street at  (Suburb:Bega, Region:South Coast)",Fri 23 May 2025 07:27AM,-,1 of 7,"[149.8508, -36.6703]",Both directions Closed
236264-webtirf,FLOODING,"Tathra-Bermagui Rd at  (Suburb:Wapengo, Region:South Coast)",Fri 23 May 2025 07:52AM,-,1 of 4,"[149.992, -36.5831]",Both directions Closed
236380.0-webtirf,FLOODING,"Tarlingtons Lane at Tantawangalo Creek causeway (Suburb:Mogilla, Region:South Coast)",Fri 23 May 2025 10:19AM,-,1 of 1,"[149.6392, -36.7457]",Both directions Closed
236382-webtirf,FLOODING,"Tarlingtons Lane at Tantawangalo Creek causeway (Suburb:Mogilla, Region:South Coast)",Fri 23 May 2025 10:20AM,-,1 of 5,"[149.6392, -36.7457]",Both directions Closed
236385-webtirf,FLOODING,"Reedy Swamp Road near  (Suburb:Tarraganda, Region:South Coast)",Fri 23 May 2025 10:26AM,-,1 of 5,"[149.9015, -36.6964]",Both directions Closed
236491-webtirf,FLOODING,"Nullica Short Cut Road at causeway (Suburb:Nullica, Region:South Coast)",Fri 23 May 2025 03:16PM,-,1 of 5,"[149.8473, -37.0997]",Both directions Closed
236493-webtirf,FLOODING,"Millingandi Short Cut Road at causeway (Suburb:Millingandi, Region:South Coast)",Fri 23 May 2025 03:19PM,-,1 of 4,"[149.8643, -36.8775]",Both directions Closed
236527-webtirf,FLOODING,"Angledale Road at Brogo River (Suburb:Angledale, Region:South Coast)",Fri 23 May 2025 04:53PM,-,1 of 2,"[149.8834, -36.6178]",Both directions Closed
236593-webtirf,FLOODING,"Buckajo Road at  (Suburb:bega, Region:South Coast)",Sat 24 May 2025 07:15AM,-,1 of 3,"[149.8163, -36.6931]",Both directions Closed
240914-webtirf,FLOODING,"Millingandi Short Cut Road between Millingandi Road Princes Highway(Suburb:Millingandi, Region:South Coast)",Wed 02 Jul 2025 08:11AM,-,1 of 6,"[149.8643, -36.8775]",Both directions Closed
240918-webtirf,FLOODING,"Angledale Road at Jauncey's Crossing (Suburb:Angledale, Region:South Coast)",Wed 02 Jul 2025 08:17AM,-,1 of 5,"[149.8834, -36.6178]",Both directions Closed
240927-webtirf,FLOODING,"Tathra-Bermagui Road at Wapengo Causeway (Suburb:Wapengo, Region:South Coast)",Wed 02 Jul 2025 08:31AM,-,1 of 5,"[149.992, -36.5831]",Both directions Closed
240942-webtirf,FLOODING,"East Street between Millowine Ln Bridge St(Suburb:Bega, Region:South Coast)",Wed 02 Jul 2025 08:56AM,-,1 of 8,"[149.8508, -36.6703]",Both directions Closed
240946-webtirf,FLOODING,"Devils Hole Rd at Causeway (Suburb:Wyndham, Region:South Coast)",Wed 02 Jul 2025 09:10AM,-,1 of 5,"[149.6565, -36.9121]",Both directions Closed
241054-webtirf,FLOODING,"Westrops Road at Coolagolite Creek (Suburb:Coolagolite, Region:South Coast)",Wed 02 Jul 2025 02:06PM,-,1 of 5,"[149.9953, -36.4056]",Both directions Closed
241055-webtirf,FLOODING,"Robinsons Rd at  (Suburb:Lochiel, Region:South Coast)",Wed 02 Jul 2025 02:09PM,-,1 of 7,"[149.8097, -36.9412]",Both directions Closed
241056-webtirf,ADVERSE WEATHER Water over road,"Wharf Road at  (Suburb:Tathra, Region:South Coast)",Wed 02 Jul 2025 02:15PM,-,1 of 2,"[149.9879, -36.7269]",Both directions Closed
241141-webtirf,FLOODING,"Murrays Flat Rd from Bells Place (Suburb:Tarraganda, Region:South Coast)",Thu 03 Jul 2025 09:29AM,-,1 of 3,"[149.8807, -36.6606]",Both directions Closed
241159-webtirf,FLOODING,"Tarlingtons Lane at Tantawangalo Creek crossing (Suburb:Tantawangalo, Region:South Coast)",Thu 03 Jul 2025 11:43AM,-,1 of 8,"[149.6392, -36.7457]",Both directions Closed
106336-webtirf,ADVERSE WEATHER Water over road,"Maitland Road near Old Maitland Road  (Suburb:Hexham, Region:REG_NORTH)",Fri 26 Nov 2021 07:24AM,-,1 of 1,"[151.6843, -32.828]",Southbound Lanes closed (1 of 3)
106383-webtirf,FLOODING,"New England Highway at Mudies Creek  (Suburb:Whittingham, Region:REG_NORTH)",Fri 26 Nov 2021 10:45AM,-,1 of 4,"[151.2146, -32.6154]",Both directions Closed
107842-webtirf,ADVERSE WEATHER Water over road,"New England Highway at White Avenue  (Suburb:Darlington, Region:REG_NORTH)",Fri 10 Dec 2021 02:21PM,-,1 of 16,"[151.1602, -32.555]",Both directions Closed
115845-webtirf,FLOODING,"New England Highway at White Avenue  (Suburb:Singleton, Region:REG_NORTH)",Wed 09 Mar 2022 08:47AM,-,2 of 3,"[151.1602, -32.555]",Eastbound Closed
221120.0-webtirf,FLOODING,"Horns Crossing Road at  (Suburb:Vacy, Region:Hunter)",Sat 18 Jan 2025 07:13AM,-,1 of 8,"[151.5798, -32.5367]",All directions Closed
221211-webtirf,FLOODING,"Summer Hill Road at  (Suburb:Vacy, Region:Hunter)",Sat 18 Jan 2025 05:09PM,-,1 of 4,"[151.5413, -32.5234]",All directions Closed
221268-webtirf,ADVERSE WEATHER Water over road,"Newline Road at  (Suburb:Raymond Terrace, Region:Hunter)",Sun 19 Jan 2025 12:49PM,-,1 of 7,"[151.7456, -32.7293]",Both directions Closed
226108-webtirf,FLOODING,"Clements Road at  (Suburb:East Gresford, Region:Hunter)",Fri 07 Mar 2025 10:22AM,-,1 of 9,"[151.5657, -32.4513]",All directions Closed
226111-webtirf,FLOODING,"Flying Fox Lane at  (Suburb:Vacy, Region:Hunter)",Fri 07 Mar 2025 10:25AM,-,1 of 9,"[151.584, -32.5163]",All directions Closed
232714-webtirf,FLOODING,"Mitchells Flat Road at Griffith's Crossing (Suburb:Mitchells Flat, Region:Hunter)",Sun 27 Apr 2025 06:04PM,-,1 of 2,"[151.29, -32.5565]",Both directions Closed
232720.0-webtirf,FLOODING,"Hamiltons Crossing Road -  (Suburb:Reedy Creek, Region:Hunter)",Sun 27 Apr 2025 06:11PM,-,1 of 2,"[151.3158, -32.5243]",All directions Closed
234672-webtirf,ADVERSE WEATHER Water over road,"Hunter Street at William Street (Suburb:Raymond Terrace, Region:Hunter)",Thu 15 May 2025 03:42PM,-,1 of 4,"[151.7397, -32.7616]",All directions Closed
234683-webtirf,FLOODING,"Kirrang Drive at  (Suburb:Medowie, Region:Hunter)",Thu 15 May 2025 04:36PM,-,1 of 5,"[151.8606, -32.7391]",All directions Closed
234762-webtirf,FLOODING,"Cranky Corner Road North -  (Suburb:Glendon Brook, Region:Hunter)",Fri 16 May 2025 09:45AM,-,1 of 2,"[151.3777, -32.5136]",All directions Closed
235038-webtirf,ADVERSE WEATHER Water over road,"Pacific Highway near Richardson Road (Suburb:Raymond, Region:Hunter)",Mon 19 May 2025 07:57AM,-,1 of 4,"[151.7655, -32.7555]",Northbound Lanes closed (1 of 2)
235051-webtirf,FLOODING,"Lomas Lane at  (Suburb:Nulkaba, Region:Hunter)",Mon 19 May 2025 08:36AM,-,1 of 5,"[151.3532, -32.794]",Both directions Closed
235052-webtirf,FLOODING,"Old North Road at  (Suburb:Rothbury, Region:Hunter)",Mon 19 May 2025 08:38AM,-,1 of 9,"[151.3227, -32.7124]",Both directions Closed
235055-webtirf,FLOODING,"Richmond Vale Road at  (Suburb:Richmond Vale, Region:Hunter)",Mon 19 May 2025 08:40AM,-,1 of 6,"[151.5123, -32.8578]",Both directions Closed
235056-webtirf,ADVERSE WEATHER Water over road,"M1 Pacific Motorway approaching John Renshaw Drive (Suburb:Beresfield, Region:Hunter)",Mon 19 May 2025 08:44AM,-,1 of 8,"[151.6357, -32.815]",Northbound Lanes closed (3 of 4)
235059-webtirf,ADVERSE WEATHER Water over road,"Kalaroo Road at  (Suburb:Redhead, Region:Hunter)",Mon 19 May 2025 08:51AM,-,1 of 3,"[151.6897, -33.0177]",Both directions Closed
235060.0-webtirf,ADVERSE WEATHER Water over road,"Deaves Road between Freemans Drive Mandalong Road(Suburb:Mandalong, Region:Hunter)",Mon 19 May 2025 08:53AM,-,1 of 2,"[151.4537, -33.1057]",All directions Closed
235061-webtirf,ADVERSE WEATHER Water over road,"Hungerford Lane at  (Suburb:Gillieston Heights, Region:Hunter)",Mon 19 May 2025 08:56AM,-,2 of 5,"[151.5203, -32.758]",Both directions Closed
235064-webtirf,ADVERSE WEATHER Water over road,"Newline Road at Beaton Avenue (Suburb:Raymond Terrace, Region:Hunter)",Mon 19 May 2025 09:02AM,-,1 of 16,"[151.7532, -32.7498]",Both directions Closed
235065-webtirf,FLOODING,"Kelso Street -  (Suburb:Singleton, Region:Hunter)",Mon 19 May 2025 09:03AM,-,1 of 2,"[151.1709, -32.5736]",All directions Closed
235069-webtirf,ADVERSE WEATHER Water over road,"Creek Reserve Road between T C Frith Avenue Seventh Street(Suburb:Speers Point, Region:Hunter)",Mon 19 May 2025 09:09AM,-,1 of 2,"[151.6152, -32.9552]",All directions Closed
235070.0-webtirf,ADVERSE WEATHER Water over road,"Kooralbyn Street at  (Suburb:Thornton, Region:Hunter)",Mon 19 May 2025 09:11AM,-,1 of 5,"[151.6381, -32.7854]",Both directions Closed
235073-webtirf,ADVERSE WEATHER Water over road,"Brush Farm Road between Morpeth Road Pitnacree Road(Suburb:Raworth, Region:Hunter)",Mon 19 May 2025 09:13AM,-,2 of 8,"[151.6109, -32.7281]",Both directions Closed
235075-webtirf,FLOODING,"Newcastle Inner City Bypass at University Drive (Suburb:Birmingham Gardens, Region:Hunter)",Mon 19 May 2025 09:26AM,-,1 of 3,"[151.6949, -32.8975]",Southbound Closed
235080.0-webtirf,ADVERSE WEATHER Water over road,"Mount Vincent Road at  (Suburb:Louth Park, Region:Hunter)",Mon 19 May 2025 09:45AM,-,2 of 6,"[151.5556, -32.7843]",Both directions Lanes closed
235085-webtirf,FLOODING,"Newcastle Inner City Bypass on-ramp from University Drive (Suburb:Birmingham Gardens, Region:Hunter)",Mon 19 May 2025 10:07AM,-,1 of 3,"[151.6947, -32.8983]",Southbound Closed
235086-webtirf,FLOODING,"Clarence Town Road at  (Suburb:Glen Oak, Region:Hunter)",Mon 19 May 2025 10:08AM,-,5 of 9,"[151.7108, -32.6205]",All directions Closed
235088-webtirf,FLOODING,"Old Maitland Rd at Pacific Highway (Suburb:Hexham, Region:Hunter)",Mon 19 May 2025 10:08AM,-,1 of 2,"[151.6845, -32.8279]",Both directions Closed
235099-webtirf,FLOODING,"Raymond Terrace Road at Mcfarlanes Road (Suburb:Berry Park, Region:Hunter)",Mon 19 May 2025 10:22AM,-,5 of 6,"[151.6607, -32.7619]",Both directions Closed
235100.0-webtirf,ADVERSE WEATHER Water over road,"Gregory Road between Robert Road Station Lane(Suburb:Lochinvar, Region:Hunter)",Mon 19 May 2025 10:25AM,-,3 of 4,"[151.4577, -32.7015]",Both directions Closed
235105-webtirf,FLOODING,"Newcastle Inner City Bypass on-ramp from University Drive (Suburb:Birmingham Gardens, Region:Hunter)",Mon 19 May 2025 10:29AM,-,1 of 2,"[151.6948, -32.8982]",Southbound Closed
235106-webtirf,ADVERSE WEATHER Water over road,"Allandale Road between New England Highway Lovedale Road(Suburb:Allandale, Region:Hunter)",Mon 19 May 2025 10:30AM,-,1 of 6,"[151.426, -32.7087]",Both directions Closed
235110.0-webtirf,ADVERSE WEATHER Water over road,"Oakdale Road near Nevin Close (Suburb:Gateshead, Region:Hunter)",Mon 19 May 2025 10:38AM,-,1 of 2,"[151.6934, -32.9889]",All directions Closed
235114-webtirf,FLOODING,"Clarence Town Road at Brentwood Drive (Suburb:Clarence Town, Region:Hunter)",Mon 19 May 2025 10:49AM,-,1 of 3,"[151.7517, -32.5964]",All directions Closed
235116-webtirf,ADVERSE WEATHER Water over road,"Mount Dee Road near  (Suburb:Maitland, Region:Hunter)",Mon 19 May 2025 10:51AM,-,2 of 4,"[151.5461, -32.7448]",Both directions Closed
235117-webtirf,ADVERSE WEATHER Water over road,"Trappaud Road at Louth Park Road (Suburb:Louth Park, Region:Hunter)",Mon 19 May 2025 10:56AM,-,1 of 4,"[151.5586, -32.7502]",Both directions Closed
235120.0-webtirf,FLOODING,"Allandale Road between Hunter Expressway New England Highway(Suburb:Allandale, Region:Hunter)",Mon 19 May 2025 11:05AM,-,1 of 2,"[151.4195, -32.7149]",Both directions Closed
235122-webtirf,FLOODING,"Allandale Road at  (Suburb:Allandale, Region:Hunter)",Mon 19 May 2025 11:05AM,-,1 of 3,"[151.4143, -32.7202]",Both directions Closed
235123-webtirf,FLOODING,"Government Road at  (Suburb:Cessnock, Region:Hunter)",Mon 19 May 2025 11:09AM,-,1 of 2,"[151.3669, -32.8227]",Both directions Closed
235124-webtirf,FLOODING,"Wermol Street between Railway Parade Northcote Street(Suburb:Kurri Kurri, Region:Hunter)",Mon 19 May 2025 11:13AM,-,1 of 2,"[151.4753, -32.8091]",Both directions Closed
235125-webtirf,FLOODING,"Alexandra Street between Railway Parade Northcote Street(Suburb:Kurri Kurri, Region:Hunter)",Mon 19 May 2025 11:16AM,-,1 of 3,"[151.4711, -32.8116]",Both directions Closed
235130.0-webtirf,ADVERSE WEATHER Water over road,"Melbourne Street between Adams Street Brisbane Street(Suburb:East Maitland, Region:Hunter)",Mon 19 May 2025 11:26AM,-,2 of 4,"[151.5779, -32.749]",Both directions Closed
235134-webtirf,ADVERSE WEATHER Water over road,"Pender Road at  (Suburb:South Maitland, Region:Hunter)",Mon 19 May 2025 11:29AM,-,1 of 2,"[151.5678, -32.747]",Both directions Closed
235139-webtirf,FLOODING,"Seaham Road at Brandy Hill Drive (Suburb:Seaham, Region:Hunter)",Mon 19 May 2025 11:41AM,-,6 of 8,"[151.7107, -32.6976]",Both directions Closed
235142-webtirf,FLOODING,"Congewai Road at  (Suburb:Congewai, Region:Hunter)",Mon 19 May 2025 11:53AM,-,1 of 8,"[151.2705, -32.9645]",Both directions Closed
235146-webtirf,FLOODING,"Pioneer Road -  (Suburb:Hunterview, Region:Hunter)",Mon 19 May 2025 12:03PM,-,1 of 2,"[151.1852, -32.54]",All directions Closed
235158-webtirf,FLOODING,"Standen Drive near Kirkton Public School (Suburb:Singleton, Region:Hunter)",Mon 19 May 2025 01:14PM,-,1 of 2,"[151.2929, -32.6098]",Both directions Closed
235161-webtirf,ADVERSE WEATHER Water over road,"Winders Lane at Old North Road (Suburb:Farley, Region:Hunter)",Mon 19 May 2025 01:32PM,-,2 of 6,"[151.4679, -32.7233]",Both directions Closed
235172-webtirf,ADVERSE WEATHER Water over road,"Windermere Road at  (Suburb:Windermere, Region:Hunter)",Mon 19 May 2025 01:56PM,-,1 of 4,"[151.4494, -32.6766]",Both directions Closed
235176-webtirf,FLOODING,"Station Street between Anvil Street Sale Street(Suburb:Greta, Region:Hunter)",Mon 19 May 2025 02:06PM,-,1 of 2,"[151.3912, -32.6822]",Both directions Closed
235181-webtirf,FLOODING,"Garland Road between Anzac Avenue Alpine Avenue(Suburb:Cessnock, Region:Hunter)",Mon 19 May 2025 02:16PM,-,1 of 2,"[151.3628, -32.8235]",Both directions Closed
235190.0-webtirf,FLOODING,"Sawpit Rd just past Cedar Creek Road (Suburb:Cedar Creek, Region:Hunter)",Mon 19 May 2025 02:37PM,-,1 of 3,"[151.1911, -32.8599]",Both directions Closed
235193-webtirf,FLOODING,"Thursbys Road between Congewai Road Quince Tree Lane(Suburb:Congewai, Region:Hunter)",Mon 19 May 2025 02:45PM,-,1 of 5,"[151.2769, -32.9315]",Both directions Closed
235207-webtirf,FLOODING,"Watagan Creek Road between  (Suburb:Laguna, Region:Hunter)",Mon 19 May 2025 03:09PM,-,1 of 4,"[151.1717, -33.0165]",Both directions Closed
235218-webtirf,FLOODING,"East Seaham Road between  (Suburb:East Seaham, Region:Hunter)",Mon 19 May 2025 03:48PM,-,4 of 9,"[151.7619, -32.6235]",Both directions Closed
235224-webtirf,ADVERSE WEATHER Water over road,"Karog Street between Ninag St Karoburra Street(Suburb:Pelican, Region:Hunter)",Mon 19 May 2025 03:56PM,-,1 of 2,"[151.6482, -33.0735]",All directions Closed
235233-webtirf,ADVERSE WEATHER Water over road,"Gullivers Lane at Reflection Drive (Suburb:Louth Park, Region:Hunter)",Mon 19 May 2025 04:48PM,-,2 of 5,"[151.5623, -32.7688]",Both directions Closed
235238-webtirf,ADVERSE WEATHER Water over road,"Martins Wharf Road near  (Suburb:Millers Forest, Region:Hunter)",Mon 19 May 2025 05:05PM,-,4 of 6,"[151.7021, -32.7632]",Both directions Closed
235243-webtirf,FLOODING,"Dights Crossing Road at  (Suburb:Maison Dieu, Region:Hunter)",Mon 19 May 2025 06:27PM,-,1 of 2,"[151.103, -32.5543]",All directions Closed
235244-webtirf,FLOODING,"Mirannie Road at  (Suburb:Sedgefield, Region:Hunter)",Mon 19 May 2025 06:28PM,-,1 of 2,"[151.2467, -32.5417]",All directions Closed
235251-webtirf,FLOODING,"Stanhope Road at Kilfoyles Bridge (Suburb:Stanhope, Region:Hunter)",Mon 19 May 2025 08:04PM,-,1 of 4,"[151.3837, -32.6054]",All directions Closed
235266-webtirf,FLOODING,"Masonite Road at  (Suburb:Heatherbrae, Region:Hunter)",Tue 20 May 2025 12:45AM,-,1 of 4,"[151.7399, -32.7836]",All directions Closed
235288-webtirf,FLOODING,"Gresford Road at Summer Hill Road (Suburb:Vacy, Region:Hunter)",Tue 20 May 2025 06:32AM,-,2 of 4,"[151.5749, -32.5329]",All directions Closed
235290.0-webtirf,FLOODING,"Tocal Road at  (Suburb:Tocal, Region:Hunter)",Tue 20 May 2025 06:38AM,-,2 of 3,"[151.5958, -32.6196]",All directions Closed
235296-webtirf,FLOODING,"Paynes Crossing Road at Wollombi Road (Suburb:Paynes Crossing, Region:Hunter)",Tue 20 May 2025 07:08AM,-,1 of 2,"[151.1404, -32.9382]",Both directions Closed
235307-webtirf,ADVERSE WEATHER Water over road,"Tocal Road at  (Suburb:Tocal, Region:Hunter)",Tue 20 May 2025 08:08AM,-,1 of 2,"[151.5939, -32.6212]",Both directions Closed
235308-webtirf,ADVERSE WEATHER Water over road,"Woodberry Road between Lawson Avenue Raymond Terrace Road(Suburb:Woodberry, Region:Hunter)",Tue 20 May 2025 08:10AM,-,1 of 4,"[151.672, -32.7912]",Both directions Closed
235310.0-webtirf,ADVERSE WEATHER Water over road,"Turners Road at  (Suburb:Millers Forest, Region:Hunter)",Tue 20 May 2025 08:12AM,-,1 of 3,"[151.6766, -32.7591]",Both directions Closed
235311-webtirf,ADVERSE WEATHER Water over road,"Scotch Creek Road at  (Suburb:Millers Forest, Region:Hunter)",Tue 20 May 2025 08:15AM,-,1 of 3,"[151.6996, -32.738]",Both directions Closed
235320.0-webtirf,ADVERSE WEATHER Water over road,"Adams Street at  (Suburb:East Maitland, Region:Hunter)",Tue 20 May 2025 08:36AM,-,1 of 2,"[151.5777, -32.751]",Both directions Closed
235321-webtirf,ADVERSE WEATHER Water over road,"Duckenfield Road between Mcfarlanes Road Eales Road(Suburb:Duckenfield, Region:Hunter)",Tue 20 May 2025 08:37AM,-,1 of 2,"[151.64, -32.7308]",Both directions Closed
235322-webtirf,ADVERSE WEATHER Water over road,"Paterson Road at  (Suburb:Woodville, Region:Hunter)",Tue 20 May 2025 08:40AM,-,1 of 3,"[151.6047, -32.6814]",Both directions Closed
235327-webtirf,FLOODING,"Martins Creek Road at  (Suburb:Paterson, Region:Hunter)",Tue 20 May 2025 08:48AM,-,1 of 3,"[151.6169, -32.6112]",All directions Closed
235335-webtirf,ADVERSE WEATHER Water over road,"Queens Wharf Road at  (Suburb:Morpeth, Region:Hunter)",Tue 20 May 2025 09:09AM,-,1 of 3,"[151.6218, -32.7243]",Both directions Closed
235336-webtirf,ADVERSE WEATHER Water over road,"Edithville Road at  (Suburb:Millers Forest, Region:Hunter)",Tue 20 May 2025 09:11AM,-,1 of 3,"[151.7139, -32.7404]",Both directions Closed
235340.0-webtirf,FLOODING,"Luskintyre Road at Maitland Vale Road (Suburb:Stanhope, Region:Hunter)",Tue 20 May 2025 09:33AM,-,1 of 2,"[151.4388, -32.6137]",Both directions Closed
235345-webtirf,FLOODING,"Dyrring Road at  (Suburb:Dyrring, Region:Hunter)",Tue 20 May 2025 09:47AM,-,1 of 2,"[151.2295, -32.5001]",All directions Closed
235369-webtirf,FLOODING,"Morpeth Street at High Street (Suburb:Wallalong, Region:Hunter)",Tue 20 May 2025 10:29AM,-,3 of 5,"[151.6499, -32.6967]",All directions Closed
235375-webtirf,FLOODING,"East Seaham Road at  (Suburb:Clarence Town, Region:Hunter)",Tue 20 May 2025 10:46AM,-,1 of 2,"[151.7958, -32.5897]",All directions Closed
235401-webtirf,ADVERSE WEATHER Water over road,"Phoenix Park Road between Hunter Street Hinton Road(Suburb:Largs, Region:Hunter)",Tue 20 May 2025 11:43AM,-,2 of 6,"[151.6063, -32.6998]",Both directions Closed
235422-webtirf,ADVERSE WEATHER Water over road,"Lawlers Road at  (Suburb:Phoenix Park, Region:Hunter)",Tue 20 May 2025 12:52PM,-,1 of 2,"[151.6354, -32.7163]",Both directions Closed
235432-webtirf,FLOODING,"Hinton Road at  (Suburb:Osterley, Region:Hunter)",Tue 20 May 2025 01:47PM,-,2 of 6,"[151.6887, -32.7253]",Both directions Closed
235439-webtirf,FLOODING,"Yango Creek Road near Paynes Crossing Road (Suburb:Wollombi, Region:Hunter)",Tue 20 May 2025 02:11PM,-,1 of 2,"[151.1398, -32.9376]",Both directions Closed
235441-webtirf,FLOODING,"Milsons Arm Road just past Great North Road (Suburb:Wollombi, Region:Hunter)",Tue 20 May 2025 02:26PM,-,1 of 3,"[151.1369, -32.9654]",Both directions Closed
235443-webtirf,ADVERSE WEATHER Water over road,"Dickenson Road at  (Suburb:Melville, Region:Hunter)",Tue 20 May 2025 02:28PM,-,2 of 3,"[151.5266, -32.6806]",Both directions Closed
235458-webtirf,FLOODING,"Brisbane Fields Road at  (Suburb:Morpeth, Region:Hunter)",Tue 20 May 2025 03:34PM,-,1 of 4,"[151.6387, -32.7237]",Both directions Closed
235489-webtirf,FLOODING,"Rifle Street at Queen Street (Suburb:Clarence Town, Region:Hunter)",Tue 20 May 2025 06:27PM,-,1 of 4,"[151.7784, -32.5883]",All directions Closed
235492-webtirf,FLOODING,"Seaham Road at  (Suburb:Nelsons Plains, Region:Hunter)",Tue 20 May 2025 06:42PM,-,1 of 6,"[151.7267, -32.73]",Both directions Closed
235497-webtirf,ADVERSE WEATHER Water over road,"Phoenix Park Road at Hinton Road (Suburb:Phoenix Park, Region:Hunter)",Tue 20 May 2025 07:09PM,-,1 of 2,"[151.6263, -32.7209]",Both directions Closed
235498-webtirf,ADVERSE WEATHER Water over road,"Hinton Road between Phoenix Park Road High Street(Suburb:Phoenix Park, Region:Hunter)",Tue 20 May 2025 07:18PM,-,1 of 3,"[151.6263, -32.7209]",Both directions Closed
235502-webtirf,FLOODING,"Seaham Road at Newline Road (Suburb:Raymond Terrace, Region:Hunter)",Tue 20 May 2025 07:41PM,-,1 of 76,"[151.7405, -32.6613]",Both directions Closed
235578-webtirf,ADVERSE WEATHER Water over road,"Lang Drive at  (Suburb:Bolwarra Heights, Region:Hunter)",Wed 21 May 2025 08:24AM,-,1 of 2,"[151.5842, -32.6838]",Both directions Closed
235579-webtirf,ADVERSE WEATHER Water over road,"Maitland Vale Road at  (Suburb:Rosebrook, Region:Hunter)",Wed 21 May 2025 08:26AM,-,2 of 5,"[151.5121, -32.6525]",Both directions Closed
235581-webtirf,ADVERSE WEATHER Water over road,"Raymond Terrace Road at Woodberry Road (Suburb:Millers Forest, Region:Hunter)",Wed 21 May 2025 08:28AM,-,1 of 2,"[151.7008, -32.7627]",Both directions Closed
235584-webtirf,ADVERSE WEATHER Water over road,"Alnwick Road at  (Suburb:Millers Forest, Region:Hunter)",Wed 21 May 2025 08:32AM,-,1 of 2,"[151.7072, -32.776]",Both directions Closed
235587-webtirf,FLOODING,"Paynes Crossing Road at  (Suburb:Paynes Crossing, Region:Hunter)",Wed 21 May 2025 08:35AM,-,1 of 3,"[151.1179, -32.9178]",Both directions Closed
235596-webtirf,FLOODING,"Yarramalong Road between Old Maitland Road Bumble Hill Road(Suburb:Wyong Creek, Region:Central Coast)",Wed 21 May 2025 08:55AM,-,1 of 6,"[151.3976, -33.2744]",Both directions Closed
235600.0-webtirf,ADVERSE WEATHER Water over road,"Prices Road at  (Suburb:Millers Forest, Region:Hunter)",Wed 21 May 2025 09:01AM,-,1 of 3,"[151.7172, -32.7515]",Both directions Closed
235604-webtirf,ADVERSE WEATHER Water over road,"Nalleys Creek Road at  (Suburb:Millers Forest, Region:Hunter)",Wed 21 May 2025 09:03AM,-,1 of 3,"[151.7133, -32.7698]",Both directions Closed
235651-webtirf,FLOODING,"Junction Street at  (Suburb:Telarah, Region:Hunter)",Wed 21 May 2025 10:52AM,-,1 of 5,"[151.5388, -32.738]",Both directions Closed
235656-webtirf,FLOODING,"Richmond Vale Road at  (Suburb:Richmond Vale, Region:Hunter)",Wed 21 May 2025 10:56AM,-,1 of 4,"[151.512, -32.8578]",Both directions Closed
235659-webtirf,FLOODING,"Wermol Street between Northcote Street Railway Parade(Suburb:Kurri Kurri, Region:Hunter)",Wed 21 May 2025 11:02AM,-,1 of 4,"[151.4765, -32.8124]",Both directions Closed
235677-webtirf,ADVERSE WEATHER Water over road,"Mckimms Road at  (Suburb:Largs, Region:Hunter)",Wed 21 May 2025 11:46AM,-,1 of 2,"[151.598, -32.7132]",Both directions Closed
235689-webtirf,FLOODING,"Busby Road at  (Suburb:Lower Belford, Region:Hunter)",Wed 21 May 2025 12:31PM,-,1 of 2,"[151.2872, -32.6178]",All directions Closed
235691-webtirf,ADVERSE WEATHER Water over road,"Valley View Lane at  (Suburb:Louth Park, Region:Hunter)",Wed 21 May 2025 12:32PM,-,1 of 2,"[151.5392, -32.7937]",Both directions Closed
235698-webtirf,ADVERSE WEATHER Water over road,"Duckenfield Road between Eales Road Scotch Creek Road(Suburb:Berry Park, Region:Hunter)",Wed 21 May 2025 12:49PM,-,2 of 3,"[151.6697, -32.7473]",Both directions Closed
235701-webtirf,ADVERSE WEATHER Water over road,"Manerys Road at  (Suburb:Millers Forest, Region:Hunter)",Wed 21 May 2025 12:55PM,-,1 of 2,"[151.712, -32.7457]",Both directions Closed
235704-webtirf,ADVERSE WEATHER Water over road,"Monkleys Road at  (Suburb:Millers Forest, Region:Hunter)",Wed 21 May 2025 01:02PM,-,1 of 3,"[151.7143, -32.7624]",Both directions Closed
235722-webtirf,FLOODING,"Lavis Lane at  (Suburb:Williamtown, Region:Hunter)",Wed 21 May 2025 02:11PM,-,1 of 4,"[151.8459, -32.8182]",Both directions Closed
235728-webtirf,FLOODING,"Clarence Town Road at  (Suburb:Woodville, Region:Hunter)",Wed 21 May 2025 02:37PM,-,1 of 2,"[151.6424, -32.6791]",All directions Closed
235729-webtirf,FLOODING,"paterson at  (Suburb:Woodville, Region:Hunter)",Wed 21 May 2025 02:43PM,-,1 of 3,"[151.6249, -32.6327]",Both directions Closed
235744-webtirf,ADVERSE WEATHER Water over road,"Scobies Lane at  (Suburb:Oakhampton Heights, Region:Hunter)",Wed 21 May 2025 03:17PM,-,2 of 3,"[151.5602, -32.7134]",Both directions Closed
235770.0-webtirf,FLOODING,"Maitland Road at  (Suburb:Paterson, Region:Hunter)",Wed 21 May 2025 03:57PM,-,1 of 2,"[151.6179, -32.6022]",All directions Closed
235771-webtirf,FLOODING,"Prince Street at Queen Street (Suburb:Paterson, Region:Hunter)",Wed 21 May 2025 04:00PM,-,1 of 3,"[151.62, -32.6014]",All directions Closed
235789-webtirf,ADVERSE WEATHER Water over road,"Louth Park Road at  (Suburb:Louth Park, Region:Hunter)",Wed 21 May 2025 04:46PM,-,1 of 5,"[151.5492, -32.7725]",Northbound Closed
235791-webtirf,ADVERSE WEATHER Water over road,"Louth Park Road at  (Suburb:Louth Park, Region:Hunter)",Wed 21 May 2025 04:58PM,-,1 of 2,"[151.5585, -32.7503]",Both directions Closed
235854-webtirf,ADVERSE WEATHER Water over road,"Pacific Highway just past Hexham Bridge (Suburb:Tomago, Region:Hunter)",Thu 22 May 2025 02:37AM,-,1 of 6,"[151.6877, -32.8208]",Northbound Lanes closed (2 of 3)
235870.0-webtirf,FLOODING,"Mandalong Road at Jilliby Road (Suburb:Dooralong, Region:Central Coast)",Thu 22 May 2025 05:47AM,-,1 of 14,"[151.3554, -33.1897]",Both directions Closed
235891-webtirf,ADVERSE WEATHER Water over road,"Adams Street at  (Suburb:East Maitland, Region:Hunter)",Thu 22 May 2025 07:42AM,-,1 of 3,"[151.5767, -32.7498]",Both directions Closed
235893-webtirf,ADVERSE WEATHER Water over road,"Melbourne Street at  (Suburb:East Maitland, Region:Hunter)",Thu 22 May 2025 07:47AM,-,2 of 8,"[151.5873, -32.7441]",Westbound Closed
235906-webtirf,FLOODING,"Butterwick Road at  (Suburb:Butterwick, Region:Hunter)",Thu 22 May 2025 08:24AM,-,1 of 3,"[151.638, -32.6555]",Both directions Closed
235911-webtirf,FLOODING,"Luskintyre Road at Lambs Valley Road (Suburb:Stanhope, Region:Hunter)",Thu 22 May 2025 08:51AM,-,1 of 4,"[151.4392, -32.6145]",Both directions Closed
235912-webtirf,FLOODING,"Yarramalong Road at Old Maitland Road (Suburb:Wyong Creek, Region:Central Coast)",Thu 22 May 2025 08:57AM,-,1 of 15,"[151.3976, -33.2743]",All directions Closed
235948-webtirf,ADVERSE WEATHER Water over road,"Flat Road at  (Suburb:Lorn, Region:Hunter)",Thu 22 May 2025 10:25AM,-,1 of 3,"[151.5722, -32.7127]",Both directions Closed
235956-webtirf,ADVERSE WEATHER Water over road,"Anambah Road at  (Suburb:Anambah, Region:Hunter)",Thu 22 May 2025 10:34AM,-,1 of 5,"[151.5064, -32.6999]",Both directions Closed
235963-webtirf,ADVERSE WEATHER Water over road,"Campbells Road near Maitland Vale Road (Suburb:Maitland Vale, Region:Hunter)",Thu 22 May 2025 10:55AM,-,2 of 3,"[151.551, -32.6757]",Both directions Closed
235977-webtirf,ADVERSE WEATHER Water over road,"Melbourne Street at  (Suburb:East Maitland, Region:Hunter)",Thu 22 May 2025 11:38AM,-,2 of 3,"[151.5768, -32.7497]",Westbound Closed
235996-webtirf,FLOODING,"Elgin Street at Park Street (Suburb:Maitland, Region:Hunter)",Thu 22 May 2025 12:49PM,-,1 of 3,"[151.5525, -32.7428]",Both directions Closed
236000.0-webtirf,FLOODING,"Durren Road between Jilliby Road Dicksons Road(Suburb:Jill, Region:Central Coast)",Thu 22 May 2025 01:04PM,-,1 of 10,"[151.3745, -33.2226]",Both directions Closed
236021-webtirf,ADVERSE WEATHER Water over road,"Pitnacree Road at Flat Road (Suburb:Pitnacree, Region:Hunter)",Thu 22 May 2025 02:18PM,-,1 of 2,"[151.5881, -32.7365]",Both directions Closed
236032-webtirf,FLOODING,"Watagan Creek Road at Great North Road (Suburb:laguna, Region:Hunter)",Thu 22 May 2025 02:38PM,-,1 of 2,"[151.1299, -32.9939]",Both directions Closed
236037-webtirf,ADVERSE WEATHER Water over road,"Mcfarlanes Road at Duckenfield Road (Suburb:Chisholm, Region:Hunter)",Thu 22 May 2025 02:44PM,-,3 of 9,"[151.6398, -32.7323]",Both directions Closed
236065-webtirf,FLOODING,"Melbourne Street between Day Cumberland Street(Suburb:East Maitland, Region:Hunter)",Thu 22 May 2025 03:43PM,-,1 of 26,"[151.5869, -32.7441]",Both directions Closed
236074-webtirf,FLOODING,"Morpeth Street at  (Suburb:Wallalong, Region:Hunter)",Thu 22 May 2025 04:03PM,-,1 of 5,"[151.6442, -32.6961]",All directions Closed
236095-webtirf,ADVERSE WEATHER Water over road,"Newcastle Inner City Bypass approaching Newcastle Road (Suburb:Jesmond, Region:Hunter)",Thu 22 May 2025 05:02PM,-,1 of 4,"[151.6934, -32.9062]",Southbound Lanes closed (1 of 2)
236097-webtirf,ADVERSE WEATHER Water over road,"Pacific Highway just past Hexham Bridge (Suburb:Tomago, Region:Hunter)",Thu 22 May 2025 05:09PM,-,7 of 45,"[151.6874, -32.821]",Northbound Lanes closed (2 of 3)
236152-webtirf,FLOODING,"Medowie Road at Nelson Bay Road (Suburb:Williamtown, Region:Hunter)",Thu 22 May 2025 09:47PM,-,1 of 7,"[151.8502, -32.8072]",All directions Closed
236162-webtirf,ADVERSE WEATHER Water over road,"Turton Road between Griffiths Road Lambton Road(Suburb:New Lambton, Region:Hunter)",Thu 22 May 2025 10:36PM,-,3 of 8,"[151.7244, -32.9182]",Both directions Closed
236185-webtirf,FLOODING,"Main Road between William Tester Drive Redwood Drive(Suburb:Gillieston Heights, Region:Hunter)",Fri 23 May 2025 12:30AM,-,1 of 51,"[151.5245, -32.7801]",Both directions Closed
236199-webtirf,FLOODING,"Sandgate Road between Pacific Highway (Maitland Road) Newcastle Inner City Bypass(Suburb:Shortland, Region:Hunter)",Fri 23 May 2025 02:19AM,-,1 of 19,"[151.7025, -32.8746]",Both directions Closed
236200.0-webtirf,ADVERSE WEATHER Water over road,"Cormorant Road between Industrial Drive Minyan Way(Suburb:Kooragang, Region:Hunter)",Fri 23 May 2025 02:44AM,-,3 of 21,"[151.7567, -32.8815]",Northbound Closed
236240.0-webtirf,FLOODING,"Quorrobolong Road between Jeffries Street (Suburb:Cessnock, Region:Hunter)",Fri 23 May 2025 06:54AM,-,1 of 2,"[151.355, -32.856]",Both directions Closed
236242-webtirf,FLOODING,"Raymond Terrace Road between Metford Road Harvest Boulevard(Suburb:Metford, Region:Hunter)",Fri 23 May 2025 06:56AM,Sat 24 May 2025 08:37AM,3 of 3,"[151.6113, -32.7577]",Both directions Closed
236249-webtirf,FLOODING,"Metford Road between Raymond Terrace Road (Suburb:Tenambit, Region:Hunter)",Fri 23 May 2025 07:20AM,-,1 of 4,"[151.6081, -32.7544]",Both directions Closed
236260.0-webtirf,FLOODING,"Wollombi Road at Great North Road (Suburb:Wollombi, Region:Hunter)",Fri 23 May 2025 07:41AM,-,1 of 2,"[151.1406, -32.9385]",Both directions Closed
236262-webtirf,FLOODING,"Lawson Avenue to Anderson Drive (Suburb:Woodberry, Region:Hunter)",Fri 23 May 2025 07:46AM,-,1 of 6,"[151.6535, -32.8044]",Both directions Closed
236285-webtirf,FLOODING,"Cedar Creek Road at Wollombi Road (Suburb:Cedar Creek, Region:Hunter)",Fri 23 May 2025 08:20AM,-,2 of 3,"[151.2027, -32.8749]",Both directions Closed
236292-webtirf,FLOODING,"Yango Creek Road at  (Suburb:Wollombi, Region:Hunter)",Fri 23 May 2025 08:24AM,-,1 of 2,"[151.1385, -32.9384]",Both directions Closed
236305-webtirf,FLOODING,"Ferodale Road at  (Suburb:Medowie, Region:Hunter)",Fri 23 May 2025 08:47AM,-,1 of 4,"[151.8626, -32.7407]",Both directions Closed
236308-webtirf,FLOODING,"Abundance Road at  (Suburb:Medowie, Region:Hunter)",Fri 23 May 2025 08:50AM,-,1 of 7,"[151.8543, -32.7506]",Both directions Closed
236359-webtirf,FLOODING,"Jilliby Road from Hue Hue Road (Suburb:Jilliby, Region:Central Coast)",Fri 23 May 2025 09:45AM,-,1 of 4,"[151.3946, -33.2612]",Both directions Closed
236370.0-webtirf,ADVERSE WEATHER Water over road,"Dalveen Road between High Street Maple Avenue(Suburb:Bolwarra Heights, Region:Hunter)",Fri 23 May 2025 09:57AM,-,1 of 2,"[151.602, -32.7046]",Both directions Closed
236400.0-webtirf,FLOODING,"Dicksons Road from Hue Hue Road (Suburb:Jilliby, Region:Central Coast)",Fri 23 May 2025 10:51AM,-,1 of 3,"[151.3988, -33.2458]",Both directions Closed
236417-webtirf,FLOODING,"Paynes Crossing Road at Stockyard Creek Road (Suburb:Paynes Crossing, Region:Hunter)",Fri 23 May 2025 11:18AM,-,1 of 2,"[151.0794, -32.8696]",Both directions Closed
236431-webtirf,FLOODING,"Kalaroo Road at  (Suburb:Redhead, Region:Hunter)",Fri 23 May 2025 11:56AM,-,1 of 3,"[151.6891, -33.0179]",All directions Closed
236445-webtirf,FLOODING,"Redbill Drive between Curlew Crescent Woodberry Road(Suburb:Woodberry, Region:Hunter)",Fri 23 May 2025 01:03PM,-,1 of 2,"[151.6718, -32.7982]",Both directions Closed
236486-webtirf,FLOODING,"Wollombi Road at Stockyard Creek Road (Suburb:Paynes Crossing, Region:Hunter)",Fri 23 May 2025 03:07PM,-,1 of 2,"[151.0794, -32.8694]",All directions Closed
236495-webtirf,FLOODING,"Raymond Terrace Road between Metford Road Harvest Boulevard(Suburb:East Maitland, Region:Hunter)",Fri 23 May 2025 03:19PM,-,1 of 29,"[151.6078, -32.7546]",Both directions Closed
236524-webtirf,ADVERSE WEATHER Water over road,"Pacific Highway just past Tomago Road (Suburb:Tomago, Region:Hunter)",Fri 23 May 2025 04:36PM,-,1 of 26,"[151.6938, -32.8176]",Northbound Lanes closed (1 of 2)
236537-webtirf,FLOODING,"Birdwood Drive at Penguin Road (Suburb:Blue Haven, Region:Central Coast)",Fri 23 May 2025 05:22PM,-,1 of 4,"[151.4951, -33.2161]",Both directions Closed
236546-webtirf,FLOODING,"Natuna Avenue at Alexandra St (Suburb:Budgewoi, Region:Central Coast)",Fri 23 May 2025 05:43PM,-,1 of 7,"[151.5566, -33.2316]",Both directions Closed
236553-webtirf,FLOODING,"Pacific Highway between Goorama Avenue Lowana Avenue(Suburb:Charmhaven, Region:Central Coast)",Fri 23 May 2025 06:27PM,-,1 of 17,"[151.5122, -33.2137]",Both directions Closed
236558-webtirf,FLOODING,"Panorama Avenue between Jetty Avenue Tingira Street(Suburb:Charmhaven, Region:Central Coast)",Fri 23 May 2025 06:45PM,-,1 of 3,"[151.5071, -33.234]",Both directions Closed
236564-webtirf,FLOODING,"Cessnock Road between New England Highway Mount Dee Road(Suburb:Maitland, Region:Hunter)",Fri 23 May 2025 07:32PM,-,5 of 35,"[151.5488, -32.7424]",Both directions Closed
236576-webtirf,FLOODING,"Cessnock Road near Walker Street (Suburb:Maitland, Region:Hunter)",Sat 24 May 2025 12:25AM,-,1 of 3,"[151.5514, -32.7403]",All directions Closed
236583-webtirf,FLOODING,"Metford Road near Fieldsend Street (Suburb:Metford, Region:Hunter)",Sat 24 May 2025 01:11AM,-,1 of 2,"[151.6067, -32.7554]",All directions Closed
236627-webtirf,FLOODING,"Bungaree Street at  (Suburb:Telarah, Region:Hunter)",Sat 24 May 2025 11:14AM,-,1 of 2,"[151.5426, -32.7262]",Both directions Closed
236652-webtirf,FLOODING,"Yarramalong Road at Bumble Hill Road (Suburb:Wyong Creek, Region:Central Coast)",Sat 24 May 2025 04:31PM,-,1 of 4,"[151.2786, -33.224]",All directions Closed
236660.0-webtirf,FLOODING,"New England Highway between High Street Cessnock Road(Suburb:Maitland, Region:Hunter)",Sat 24 May 2025 06:06PM,-,2 of 47,"[151.5439, -32.7338]",Both directions Closed
236686-webtirf,FLOODING,"Allan Walsh Drive between Ken Tubman Drive Church Street(Suburb:Maitland, Region:Hunter)",Sun 25 May 2025 10:02AM,-,1 of 3,"[151.5505, -32.7356]",Both directions Closed
236768-webtirf,FLOODING,"Eales Road between Duckenfield Road Raymond Terrace Road(Suburb:Berry Park, Region:Hunter)",Mon 26 May 2025 08:02AM,-,1 of 4,"[151.6696, -32.7474]",Both directions Closed
237000.0-webtirf,FLOODING,"Standen Drive at  (Suburb:Lower Belford, Region:Hunter)",Tue 27 May 2025 08:35AM,-,1 of 2,"[151.3264, -32.6264]",All directions Closed
237015-webtirf,FLOODING,"Golden Highway between New England Highway Range Road(Suburb:Singleton Military Area, Region:Hunter)",Tue 27 May 2025 09:29AM,-,2 of 6,"[151.2083, -32.6394]",Both directions Closed
237021-webtirf,FLOODING,"Myrallie Road at  (Suburb:Reedy Creek, Region:Hunter)",Tue 27 May 2025 09:57AM,-,1 of 2,"[151.3379, -32.4356]",All directions Closed
237047-webtirf,FLOODING,"Dyrring Road at  (Suburb:Dyrring, Region:Hunter)",Tue 27 May 2025 12:04PM,-,1 of 2,"[151.2297, -32.4997]",All directions Closed
240923-webtirf,FLOODING,"Old North Road at  (Suburb:Rothbury, Region:Hunter)",Wed 02 Jul 2025 08:26AM,-,2 of 3,"[151.3227, -32.7124]",All directions Closed
240928-webtirf,FLOODING,"Mitchells Flat Road at Griffith's Crossing (Suburb:Mitchells Flat, Region:Hunter)",Wed 02 Jul 2025 08:32AM,-,1 of 2,"[151.29, -32.5565]",Both directions Closed
240931-webtirf,FLOODING,"Hamiltons Crossing Road -  (Suburb:Reedy Creek, Region:Hunter)",Wed 02 Jul 2025 08:38AM,-,1 of 2,"[151.3158, -32.5243]",All directions Closed
240934-webtirf,FLOODING,"Cranky Corner Road North -  (Suburb:Glendon Brook, Region:Hunter)",Wed 02 Jul 2025 08:43AM,-,1 of 2,"[151.3777, -32.5136]",All directions Closed
241023-webtirf,FLOODING,"Goorangoola Road at  (Suburb:Bridgman, Region:Hunter)",Wed 02 Jul 2025 12:00PM,-,1 of 2,"[151.18, -32.4066]",All directions Closed
182169-webtirf,FLOODING,"Darkwood Road at Leans Bridge (Suburb:Thora, Region:North Coast NSW)",Tue 16 Jan 2024 01:35PM,-,1 of 5,"[152.7706, -30.4286]",Both directions Closed
225881-webtirf,FLOODING,"Darkwood Road at  (Suburb:Thora, Region:North Coast NSW)",Thu 06 Mar 2025 11:32AM,-,1 of 8,"[152.7229, -30.4331]",All directions Closed
225886-webtirf,FLOODING,"Coramba Road at  (Suburb:Megan, Region:North Coast NSW)",Thu 06 Mar 2025 11:45AM,-,1 of 17,"[152.7744, -30.2823]",All directions Closed
226263-webtirf,FLOODING,"Kalang Road at  (Suburb:Kalang, Region:North Coast NSW)",Fri 07 Mar 2025 04:38PM,-,1 of 7,"[152.8702, -30.4688]",Both directions Closed
226585-webtirf,FLOODING,"Tallawudjah Creek Road at Tallawudjah Creek (Suburb:Glenreagh, Region:North Coast NSW)",Sun 09 Mar 2025 11:22AM,-,1 of 4,"[152.944, -30.0613]",All directions Closed
235564-webtirf,FLOODING,"South Arm Road at  (Suburb:Urunga, Region:North Coast NSW)",Wed 21 May 2025 08:02AM,-,1 of 4,"[152.9515, -30.5008]",All directions Closed
235567-webtirf,FLOODING,"Bowraville Road at  (Suburb:Brierfield, Region:North Coast NSW)",Wed 21 May 2025 08:08AM,-,1 of 3,"[152.8943, -30.4966]",All directions Closed
235568-webtirf,FLOODING,"Summervilles Road at  (Suburb:Thora, Region:North Coast NSW)",Wed 21 May 2025 08:10AM,-,1 of 3,"[152.7779, -30.4167]",All directions Closed
235569-webtirf,FLOODING,"Kalang Road at  (Suburb:Bellingen, Region:North Coast NSW)",Wed 21 May 2025 08:13AM,-,1 of 2,"[152.8727, -30.4686]",All directions Closed
235574-webtirf,FLOODING,"Kalang Road at  (Suburb:Bellingen, Region:North Coast NSW)",Wed 21 May 2025 08:21AM,-,1 of 4,"[152.8701, -30.4688]",All directions Closed
235576-webtirf,FLOODING,"North Bank Road at  (Suburb:Bellingen, Region:North Coast NSW)",Wed 21 May 2025 08:23AM,-,1 of 4,"[152.9303, -30.456]",All directions Closed
235591-webtirf,FLOODING,"Wilson Road at Schuppe Drive (Suburb:Macksville, Region:North Coast NSW)",Wed 21 May 2025 08:49AM,-,1 of 10,"[152.9121, -30.6993]",All directions Closed
235594-webtirf,FLOODING,"Yarrawonga Street near Centra Park Street (Suburb:Macksville, Region:North Coast NSW)",Wed 21 May 2025 08:51AM,-,1 of 16,"[152.9117, -30.7261]",Both directions Closed
235605-webtirf,FLOODING,"Rodeo Drive at Lanes Bridge (Suburb:Bowraville, Region:North Coast NSW)",Wed 21 May 2025 09:03AM,-,1 of 18,"[152.8562, -30.6408]",Both directions Closed
235610.0-webtirf,FLOODING,"Centenary Parade at  (Suburb:Nambucca Heads, Region:North Coast NSW)",Wed 21 May 2025 09:07AM,-,1 of 2,"[152.9838, -30.6408]",Both directions Closed
235613-webtirf,FLOODING,"Wirrimbi Rd at Cassidy Bridge (Suburb:Wirrimbi, Region:North Coast NSW)",Wed 21 May 2025 09:13AM,-,1 of 3,"[152.9433, -30.6575]",Both directions Closed
235615-webtirf,FLOODING,"Gumma Road at  (Suburb:Gumma, Region:North Coast NSW)",Wed 21 May 2025 09:15AM,-,3 of 15,"[152.9585, -30.7067]",Both directions Closed
235616-webtirf,FLOODING,"boul at  (Suburb:Gumma, Region:North Coast NSW)",Wed 21 May 2025 09:16AM,-,1 of 15,"[152.9698, -30.7227]",Both directions Closed
235624-webtirf,FLOODING,"Willis Street at  (Suburb:Macksville, Region:North Coast NSW)",Wed 21 May 2025 09:26AM,-,7 of 21,"[152.9233, -30.7101]",Both directions Closed
235625-webtirf,FLOODING,"Partridge Street at  (Suburb:Macksville, Region:North Coast NSW)",Wed 21 May 2025 09:27AM,-,6 of 19,"[152.9234, -30.7088]",Both directions Closed
235626-webtirf,FLOODING,"East Street at  (Suburb:Macksville, Region:North Coast NSW)",Wed 21 May 2025 09:31AM,-,6 of 17,"[152.9244, -30.7125]",Both directions Closed
235628-webtirf,FLOODING,"Capararos Road at  (Suburb:Valery, Region:North Coast NSW)",Wed 21 May 2025 09:33AM,-,1 of 2,"[152.9325, -30.3698]",All directions Closed
235731-webtirf,FLOODING,"Giinagay Way between Florence Wilmont Drive Nursery Road(Suburb:Nambucca Heads to North Macksville, Region:North Coast NSW)",Wed 21 May 2025 02:47PM,-,2 of 77,"[152.9652, -30.6969]",Both directions Closed
235824-webtirf,FLOODING,"Jellico Street at Kings Point (Suburb:Macksville, Region:North Coast NSW)",Wed 21 May 2025 07:53PM,-,1 of 14,"[152.908, -30.7091]",Both directions Closed
235825-webtirf,FLOODING,"River Street at Willis Street (Suburb:Macksville, Region:North Coast NSW)",Wed 21 May 2025 07:58PM,-,1 of 17,"[152.9236, -30.7071]",All directions Closed
235850.0-webtirf,FLOODING,"Solitary Islands Way between Coral Street Post Office Lane(Suburb:Corindi Beach, Region:North Coast NSW)",Thu 22 May 2025 01:24AM,-,1 of 21,"[153.1884, -30.0202]",Both directions Closed
235857-webtirf,FLOODING,"Waterfall Way between Crown Street Short Cut Road(Suburb:Bellingen to Raleigh, Region:North Coast NSW)",Thu 22 May 2025 03:11AM,-,1 of 43,"[152.9115, -30.4553]",Both directions Closed
235910.0-webtirf,ADVERSE WEATHER Water over road,"Orara Way at Bluff Bridge (Suburb:Kungala, Region:North Coast NSW)",Thu 22 May 2025 08:49AM,-,1 of 6,"[152.9855, -29.9364]",Both directions Closed
235915-webtirf,FLOODING,"Parker Road at  (Suburb:Lanitza, Region:North Coast NSW)",Thu 22 May 2025 09:07AM,-,1 of 2,"[153.0168, -29.9084]",Both directions Closed
235924-webtirf,FLOODING,"Keevers Drive just past Perrys Road (Suburb:Raleigh, Region:North Coast NSW)",Thu 22 May 2025 09:27AM,-,1 of 3,"[153.0145, -30.4383]",Both directions Closed
235927-webtirf,FLOODING,"Mylestom Drive at  (Suburb:Raleigh, Region:North Coast NSW)",Thu 22 May 2025 09:30AM,-,1 of 4,"[153.0199, -30.4391]",Both directions Closed
236302-webtirf,FLOODING,"Giinagay Way between Wallace Street Boundary Street(Suburb:Macksville, Region:North Coast NSW)",Fri 23 May 2025 08:40AM,-,1 of 24,"[152.9206, -30.7109]",Both directions Closed
236482-webtirf,FLOODING,"Ferry Street at Giinagay Way (Suburb:north macksville, Region:North Coast NSW)",Fri 23 May 2025 02:54PM,-,1 of 14,"[152.9209, -30.7038]",Both directions Closed
221117-webtirf,FLOODING,"Pine Brush Road at  (Suburb:Glen William, Region:Hunter)",Sat 18 Jan 2025 07:01AM,-,1 of 4,"[151.7989, -32.5205]",All directions Closed
221119-webtirf,FLOODING,"Dowlings Road at Chichester Dam Road (Suburb:Bandon Grove, Region:Hunter)",Sat 18 Jan 2025 07:09AM,-,1 of 12,"[151.7139, -32.3021]",All directions Closed
221128-webtirf,FLOODING,"Hooke Street at  (Suburb:Dungog, Region:Hunter)",Sat 18 Jan 2025 07:31AM,-,1 of 8,"[151.7559, -32.3995]",All directions Closed
225894-webtirf,FLOODING,"Fosterton Road at  (Suburb:Fosterton, Region:Hunter)",Thu 06 Mar 2025 11:57AM,-,1 of 8,"[151.7484, -32.3248]",All directions Closed
226002-webtirf,FLOODING,"Barrington West Road at Rocky Crossing (Suburb:Barrington, Region:Hunter)",Thu 06 Mar 2025 06:02PM,-,1 of 11,"[151.8712, -32.0382]",Both directions Closed
226069-webtirf,FLOODING,"Alison Road at  (Suburb:Wirragulla, Region:Hunter)",Fri 07 Mar 2025 08:51AM,-,1 of 8,"[151.7613, -32.4696]",All directions Closed
232711-webtirf,FLOODING,"Windeyer Street at Hooke Street (Suburb:Dungog, Region:Hunter)",Sun 27 Apr 2025 05:28PM,-,1 of 4,"[151.7607, -32.3998]",All directions Closed
235103-webtirf,ADVERSE WEATHER Water over road,"Pacific Highway near Tarean Road (Suburb:Karuah, Region:Hunter)",Mon 19 May 2025 10:28AM,-,2 of 4,"[151.9029, -32.6504]",Southbound Lanes closed (1 of 2)
235155-webtirf,FLOODING,"Glen William Road at  (Suburb:Brookfield, Region:Hunter)",Mon 19 May 2025 12:43PM,-,2 of 3,"[151.7871, -32.5083]",All directions Closed
235247-webtirf,FLOODING,"Bingleburra Road at  (Suburb:Bingleburra, Region:Hunter)",Mon 19 May 2025 06:54PM,-,1 of 3,"[151.6037, -32.4047]",All directions Closed
235260.0-webtirf,FLOODING,"Rookes Road at  (Suburb:Salt Ash, Region:Hunter)",Mon 19 May 2025 10:37PM,-,1 of 2,"[151.9432, -32.7665]",All directions Closed
235287-webtirf,FLOODING,"Glen Martin Road at  (Suburb:Clarence Town, Region:Hunter)",Tue 20 May 2025 06:30AM,-,1 of 2,"[151.8161, -32.5758]",All directions Closed
235289-webtirf,FLOODING,"Chichester Dam Road at  (Suburb:Bendolba, Region:Hunter)",Tue 20 May 2025 06:34AM,-,2 of 3,"[151.719, -32.3078]",All directions Closed
235312-webtirf,FLOODING,"Stroud Hill Road at Fosterton Road (Suburb:Dungog, Region:Hunter)",Tue 20 May 2025 08:16AM,-,1 of 5,"[151.7626, -32.3975]",All directions Closed
235317-webtirf,FLOODING,"Lemon Tree Passage Road at  (Suburb:Lemon Tree Passage, Region:Hunter)",Tue 20 May 2025 08:28AM,-,7 of 10,"[151.9218, -32.7797]",Both directions Closed
235319-webtirf,FLOODING,"Fosterton Road at  (Suburb:Dungog, Region:Hunter)",Tue 20 May 2025 08:34AM,-,1 of 2,"[151.7613, -32.3893]",All directions Closed
235329-webtirf,FLOODING,"Pine Brush Road at  (Suburb:Alison, Region:Hunter)",Tue 20 May 2025 08:52AM,-,1 of 2,"[151.77, -32.4723]",All directions Closed
235358-webtirf,FLOODING,"Glen Martin Road at  (Suburb:Glen Martin, Region:Hunter)",Tue 20 May 2025 10:02AM,-,1 of 2,"[151.8229, -32.5449]",All directions Closed
235361-webtirf,FLOODING,"Paterson River Road at  (Suburb:Mount Rivers, Region:Hunter)",Tue 20 May 2025 10:10AM,-,1 of 4,"[151.4715, -32.3667]",All directions Closed
235378-webtirf,FLOODING,"Stroud Street at Meade Street (Suburb:Bulahdelah, Region:North Coast NSW)",Tue 20 May 2025 10:59AM,-,1 of 3,"[152.2076, -32.4117]",All directions Closed
235379-webtirf,ADVERSE WEATHER Water over road,"The Bucketts Way on  (Suburb:Gloucester, Region:Hunter)",Tue 20 May 2025 11:02AM,-,1 of 2,"[151.953, -32.043]",All directions Closed
235381-webtirf,FLOODING,"Jackson Street at  (Suburb:Bulahdelah, Region:North Coast NSW)",Tue 20 May 2025 11:03AM,-,1 of 3,"[152.2053, -32.4074]",All directions Closed
235387-webtirf,FLOODING,"Old Inn Road at  (Suburb:Bulahdelah, Region:North Coast NSW)",Tue 20 May 2025 11:13AM,-,1 of 6,"[152.1659, -32.4043]",All directions Closed
235396-webtirf,FLOODING,"Lowreys Road at  (Suburb:Bulahdelah, Region:North Coast NSW)",Tue 20 May 2025 11:29AM,-,1 of 2,"[152.1629, -32.4329]",All directions Closed
235399-webtirf,FLOODING,"Jacks Road at  (Suburb:Gloucester, Region:Hunter)",Tue 20 May 2025 11:32AM,-,1 of 4,"[151.9774, -32.0408]",All directions Closed
235400.0-webtirf,FLOODING,"Upper Myall Road at  (Suburb:Upper Myall, Region:North Coast NSW)",Tue 20 May 2025 11:38AM,-,1 of 3,"[152.1683, -32.2458]",All directions Closed
235402-webtirf,FLOODING,"Markwell Road at  (Suburb:Bulahdelah, Region:North Coast NSW)",Tue 20 May 2025 11:47AM,-,1 of 3,"[152.1823, -32.3402]",All directions Closed
235415-webtirf,FLOODING,"Denison Street at Church Street (Suburb:Gloucester, Region:North Coast NSW)",Tue 20 May 2025 12:43PM,-,1 of 3,"[152.6088, -31.8308]",All directions Closed
235416-webtirf,FLOODING,"Hume Street at Church Street (Suburb:Gloucester, Region:Hunter)",Tue 20 May 2025 12:45PM,-,1 of 2,"[151.958, -32.0092]",All directions Closed
235417-webtirf,FLOODING,"King St at Church Street (Suburb:Gloucester, Region:Hunter)",Tue 20 May 2025 12:45PM,-,1 of 4,"[151.9582, -32.0081]",All directions Closed
235418-webtirf,FLOODING,"Philip Street on  (Suburb:Gloucester, Region:Hunter)",Tue 20 May 2025 12:47PM,-,1 of 3,"[151.9567, -32.0124]",All directions Closed
235419-webtirf,FLOODING,"Thunderbolts Way at Park St (Suburb:Gloucester, Region:Hunter)",Tue 20 May 2025 12:49PM,-,1 of 3,"[151.9581, -32.0053]",All directions Closed
235420.0-webtirf,FLOODING,"MacLeay St at Northgate Street (Suburb:Gloucester, Region:Hunter)",Tue 20 May 2025 12:50PM,-,1 of 3,"[151.968, -32.0007]",All directions Closed
235438-webtirf,FLOODING,"Crawford River Road at  (Suburb:Bulahdelah, Region:North Coast NSW)",Tue 20 May 2025 02:05PM,-,1 of 3,"[152.1205, -32.4321]",All directions Closed
235465-webtirf,FLOODING,"Old Carrowbrook Road at  (Suburb:Saint Clair, Region:Hunter)",Tue 20 May 2025 04:18PM,-,1 of 4,"[151.239, -32.3694]",All directions Closed
235488-webtirf,FLOODING,"Carrowbrook Road at  (Suburb:Carrowbrook, Region:Hunter)",Tue 20 May 2025 06:09PM,-,1 of 4,"[151.3049, -32.2925]",All directions Closed
235511-webtirf,FLOODING,"Cassels Road at  (Suburb:Mount Royal, Region:Hunter)",Tue 20 May 2025 09:10PM,-,1 of 2,"[151.2718, -32.2255]",All directions Closed
235586-webtirf,FLOODING,"Thunderbolts Way on  (Suburb:Barrington, Region:Hunter)",Wed 21 May 2025 08:34AM,-,1 of 4,"[151.9036, -31.973]",All directions Closed
235727-webtirf,FLOODING,"Main Creek Road at  (Suburb:Main Creek, Region:Hunter)",Wed 21 May 2025 02:27PM,-,1 of 4,"[151.795, -32.3585]",All directions Closed
235741-webtirf,FLOODING,"Quartpot Creek Road at  (Suburb:Underbank, Region:Hunter)",Wed 21 May 2025 03:12PM,-,1 of 4,"[151.6065, -32.2879]",All directions Closed
235748-webtirf,FLOODING,"The Branch Lane at  (Suburb:The Branch, Region:North Coast NSW)",Wed 21 May 2025 03:24PM,-,1 of 5,"[152.0181, -32.537]",All directions Closed
235759-webtirf,FLOODING,"Orange Grove Road at  (Suburb:Fosterton, Region:Hunter)",Wed 21 May 2025 03:38PM,-,1 of 5,"[151.7493, -32.3141]",All directions Closed
235763-webtirf,FLOODING,"The Bucketts Way at Station St (Suburb:Gloucester, Region:Hunter)",Wed 21 May 2025 03:44PM,-,1 of 2,"[151.9717, -32.0078]",All directions Closed
235786-webtirf,FLOODING,"Chichester Road at  (Suburb:Chichester, Region:Hunter)",Wed 21 May 2025 04:39PM,-,1 of 2,"[151.6162, -32.1868]",All directions Closed
235787-webtirf,FLOODING,"Orange Grove Road at Moylans Road (Suburb:Fosterton, Region:Hunter)",Wed 21 May 2025 04:40PM,-,1 of 2,"[151.7493, -32.3141]",All directions Closed
235788-webtirf,FLOODING,"Moylans Road at  (Suburb:Fosterton, Region:Hunter)",Wed 21 May 2025 04:45PM,-,1 of 2,"[151.7527, -32.3141]",All directions Closed
236009-webtirf,FLOODING,"Carrowbrook Road near Mount Royal Road (Suburb:Carrowbrook, Region:Hunter)",Thu 22 May 2025 01:42PM,-,1 of 2,"[151.3037, -32.2844]",Both directions Closed
236042-webtirf,FLOODING,"The Branch Lane at  (Suburb:The Branch, Region:North Coast NSW)",Thu 22 May 2025 02:49PM,-,1 of 2,"[152.0175, -32.5362]",All directions Closed
236182-webtirf,FLOODING,"Nelson Bay Road between Richardson Road Williamtown Drive(Suburb:Williamtown, Region:Hunter)",Fri 23 May 2025 12:17AM,-,3 of 47,"[151.8845, -32.8027]",Both directions Closed
236815-webtirf,FLOODING,"Cabbage Tree Road at Markwell Road (Suburb:Bulahdelah, Region:North Coast NSW)",Mon 26 May 2025 11:00AM,-,1 of 2,"[152.1871, -32.3809]",All directions Closed
236851-webtirf,FLOODING,"Bombah Point Road at Korsmans Trail (Suburb:Bombah Point, Region:North Coast NSW)",Mon 26 May 2025 02:22PM,-,2 of 3,"[152.274, -32.4894]",All directions Closed
237097-webtirf,FLOODING,"Fosterton Road at  (Suburb:Fosterton, Region:Hunter)",Tue 27 May 2025 04:18PM,-,1 of 3,"[151.7484, -32.3248]",All directions Closed
114637-webtirf,FLOODING,"Summerland Way (New Grafton Bridge) between Charles Street Clarence Street(Suburb:South Grafton to Grafton, Region:REG_NORTH)",Mon 28 Feb 2022 06:40AM,-,1 of 10,"[152.9377, -29.6816]",Both directions Closed
114661-webtirf,FLOODING,"Gwydir Highway near Ramornie Station Road  (Suburb:Ramornie, Region:REG_NORTH)",Mon 28 Feb 2022 09:24AM,-,1 of 4,"[152.7575, -29.6291]",Both directions Closed
157722-webtirf,FLOODING,"Eight Mile Lane between Wants Lane Lloyds Road(Suburb:Glenugie, Region:North Coast NSW)",Tue 09 May 2023 08:55AM,-,6 of 8,"[153.0928, -29.7664]",Both directions Closed
182172-webtirf,FLOODING,"McPhersons Crossing Road at  (Suburb:Coutts Crossing, Region:North Coast NSW)",Tue 16 Jan 2024 01:56PM,-,7 of 8,"[152.9153, -29.8154]",Both directions Closed
191015-webtirf,FLOODING,"Tyson Street at Musk Valley Creek (Viaduct) (Suburb:South Grafton, Region:North Coast NSW)",Sun 07 Apr 2024 02:10PM,-,1 of 8,"[152.9432, -29.7183]",All directions Closed
204722-webtirf,FLOODING,"Wooli Road at Mahogany Drive (Suburb:Pillar Valley, Region:North Coast NSW)",Wed 14 Aug 2024 11:06AM,-,5 of 9,"[153.1317, -29.7647]",Both directions Closed
226297-webtirf,FLOODING,"Six Mile Lane between Airport Road Big River Way(Suburb:Sandy Crossing, Region:North Coast NSW)",Fri 07 Mar 2025 07:11PM,-,3 of 7,"[153.0201, -29.7641]",All directions Closed
226395-webtirf,FLOODING,"Goodwood Island Road at Marina Dock (Suburb:Goodwood Island, Region:North Coast NSW)",Sat 08 Mar 2025 11:28AM,-,1 of 6,"[153.3052, -29.3809]",All directions Closed
226527-webtirf,FLOODING,"Lawrence Road at  (Suburb:Woodford Island, Region:North Coast NSW)",Sun 09 Mar 2025 07:28AM,-,1 of 9,"[153.1956, -29.4658]",All directions Closed
226533-webtirf,FLOODING,"River Street between Morpeth Street Mill Lane(Suburb:Harwood, Region:North Coast NSW)",Sun 09 Mar 2025 08:23AM,-,1 of 4,"[153.2418, -29.4272]",All directions Closed
226849-webtirf,FLOODING,"Old Ferry Road at Clarence Street (Suburb:Ashby, Region:North Coast NSW)",Mon 10 Mar 2025 11:30AM,-,1 of 5,"[153.1963, -29.4412]",All directions Closed
227314-webtirf,ADVERSE WEATHER Water over road,"Geregarow Road at  (Suburb:Coutts Crossing, Region:North Coast NSW)",Thu 13 Mar 2025 09:36AM,-,1 of 8,"[152.8893, -29.8266]",Both directions Closed
227373-webtirf,FLOODING,"Warregah Island Road at Old Murrayville Road (Suburb:Warregah Island, Region:North Coast NSW)",Thu 13 Mar 2025 04:18PM,-,1 of 4,"[153.2184, -29.4051]",All directions Closed
228670.0-webtirf,ADVERSE WEATHER Water over road,"Hanging Rock Road at  (Suburb:Cangai, Region:North Coast NSW)",Wed 26 Mar 2025 08:36AM,-,2 of 5,"[152.4671, -29.4931]",Both directions Closed
228672-webtirf,ADVERSE WEATHER Water over road,"Lilydale Bypass at  (Suburb:Lilydale, Region:North Coast NSW)",Wed 26 Mar 2025 08:41AM,-,1 of 4,"[152.6704, -29.5431]",Both directions Closed
235918-webtirf,FLOODING,"Rushforth Road at Poley Bridge (Suburb:Rushforth, Region:North Coast NSW)",Thu 22 May 2025 09:21AM,-,1 of 3,"[152.8598, -29.7906]",Both directions Closed
235928-webtirf,FLOODING,"Tucabia-Tyndale Road near Bostock Road (Suburb:Tyndale, Region:North Coast NSW)",Thu 22 May 2025 09:31AM,-,1 of 3,"[153.1252, -29.6643]",Both directions Closed
235957-webtirf,FLOODING,"Black Swan Drive at McIntosh Creek (Suburb:Coutts Crossing, Region:North Coast NSW)",Thu 22 May 2025 10:35AM,-,1 of 2,"[152.8962, -29.8275]",All directions Closed
235961-webtirf,FLOODING,"Eight Mile Lane between Wants Lane Lloyds Road(Suburb:Glenugie, Region:North Coast NSW)",Thu 22 May 2025 10:39AM,-,1 of 2,"[153.0928, -29.7664]",Both directions Closed
236006-webtirf,FLOODING,"Tyson Street at Musk Valley Creek (Viaduct) (Suburb:South Grafton, Region:North Coast NSW)",Thu 22 May 2025 01:31PM,-,1 of 2,"[152.9432, -29.7183]",All directions Closed
236153-webtirf,FLOODING,"Rogan Bridge Road at Rogans Bridge (Suburb:Waterview Heights, Region:North Coast NSW)",Thu 22 May 2025 09:50PM,-,1 of 3,"[152.8837, -29.6203]",Both directions Closed
236309-webtirf,FLOODING,"Eight Mile Lane between Wants Lane Lloyds Road(Suburb:Glenugie, Region:North Coast NSW)",Fri 23 May 2025 08:51AM,-,1 of 6,"[153.0928, -29.7664]",Both directions Closed
236321-webtirf,FLOODING,"Goodwood Island Road at Marina Dock (Suburb:Goodwood Island, Region:North Coast NSW)",Fri 23 May 2025 09:05AM,-,1 of 11,"[153.3035, -29.3805]",All directions Closed
236323-webtirf,FLOODING,"Six Mile Lane at Big River Way (Suburb:Sandy Crossing, Region:North Coast NSW)",Fri 23 May 2025 09:08AM,-,1 of 2,"[153.0201, -29.7641]",All directions Closed
236326-webtirf,FLOODING,"McPhersons Crossing Road at  (Suburb:Coutts Crossing, Region:North Coast NSW)",Fri 23 May 2025 09:11AM,-,1 of 2,"[152.9153, -29.8154]",Both directions Closed
236328-webtirf,FLOODING,"Wooli Road at Mahogany Drive (Suburb:Pillar Valley, Region:North Coast NSW)",Fri 23 May 2025 09:12AM,-,1 of 14,"[153.1306, -29.7642]",Both directions Closed
236457-webtirf,FLOODING,"Cangai Road at Various Locations (Suburb:Jackadgery, Region:North Coast NSW)",Fri 23 May 2025 01:31PM,-,1 of 2,"[152.5503, -29.5707]",Both directions Closed
118159-webtirf,FLOODING,"Macleay Valley Way between First Lane Third Lane(Suburb:Kempsey, Region:REG_NORTH)",Fri 01 Apr 2022 12:34PM,-,1 of 1,"[152.8492, -31.0578]",Both directions Closed
139219-webtirf,FLOODING,"Clarefield Dungay Creek Road at  (Suburb:rollands plains, Region:North Coast NSW)",Mon 24 Oct 2022 09:44AM,-,1 of 6,"[152.6675, -31.2268]",Both directions Closed
226231-webtirf,FLOODING,"Dowlings Falls Road at Dowlings Falls Causeway (Suburb:Toorooka, Region:North Coast NSW)",Fri 07 Mar 2025 03:17PM,-,1 of 22,"[152.5882, -30.9297]",Both directions Closed
226247-webtirf,FLOODING,"Gladstone Street between Kemp Street Gladstone St (Norco)(Suburb:Kempsey, Region:North Coast NSW)",Fri 07 Mar 2025 04:06PM,-,1 of 10,"[152.8338, -31.0694]",Both directions Closed
226251-webtirf,FLOODING,"Wide Street between Sea Street Kemp Street(Suburb:West Kempsey, Region:North Coast NSW)",Fri 07 Mar 2025 04:12PM,-,1 of 2,"[152.8311, -31.0744]",Both directions Closed
226754-webtirf,FLOODING,"Willi Willi Road at McCoy’s Bridge (Suburb:Moparrabah, Region:North Coast NSW)",Mon 10 Mar 2025 08:56AM,-,1 of 11,"[152.5114, -30.9676]",Both directions Closed
235157-webtirf,ADVERSE WEATHER Water over road,"Oxley Highway between Pacific Highway Randall Street, Wauchope(Suburb:Thrumster, Region:North Coast NSW)",Mon 19 May 2025 01:01PM,-,23 of 66,"[152.7684, -31.4649]",Both directions Closed
235169-webtirf,FLOODING,"Pembrooke Road at Stoney Creek Road (Suburb:Pembrooke, Region:North Coast NSW)",Mon 19 May 2025 01:49PM,-,1 of 5,"[152.7466, -31.4021]",All directions Closed
235179-webtirf,FLOODING,"Boronia Street at Hindman Street (Suburb:Port Macquarie, Region:North Coast NSW)",Mon 19 May 2025 02:14PM,-,1 of 3,"[152.8963, -31.4433]",All directions Closed
235212-webtirf,FLOODING,"Lake Road at  (Suburb:Port Macquarie, Region:North Coast NSW)",Mon 19 May 2025 03:23PM,-,1 of 2,"[152.8813, -31.4487]",All directions Closed
235214-webtirf,FLOODING,"Lake Road between  Barton Crescent(Suburb:Port Macquarie, Region:North Coast NSW)",Mon 19 May 2025 03:26PM,-,4 of 6,"[152.8954, -31.4478]",All directions Closed
235231-webtirf,FLOODING,"Fernbank Creek Road at  (Suburb:Fernbank Creek, Region:North Coast NSW)",Mon 19 May 2025 04:41PM,-,2 of 6,"[152.8429, -31.422]",All directions Closed
235240.0-webtirf,FLOODING,"Boundary Street at  (Suburb:Port Macquarie, Region:North Coast NSW)",Mon 19 May 2025 05:31PM,-,2 of 4,"[152.8734, -31.4276]",Both directions Closed
235253-webtirf,FLOODING,"Ocean Street at  (Suburb:Port Macquarie, Region:North Coast NSW)",Mon 19 May 2025 08:19PM,-,1 of 3,"[152.9244, -31.4459]",Both directions Closed
235254-webtirf,FLOODING,"Herschell Street at  (Suburb:Port Macquarie, Region:North Coast NSW)",Mon 19 May 2025 08:21PM,-,1 of 3,"[152.9189, -31.4454]",Both directions Closed
235298-webtirf,FLOODING,"Mooney Street at  (Suburb:Telegraph Point, Region:North Coast NSW)",Tue 20 May 2025 07:19AM,-,2 of 3,"[152.7933, -31.3391]",All directions Closed
235303-webtirf,FLOODING,"Queen Street at Causeway (Suburb:South Kempsey, Region:North Coast NSW)",Tue 20 May 2025 07:54AM,-,1 of 15,"[152.8283, -31.0966]",Both directions Closed
235304-webtirf,ADVERSE WEATHER Water over road,"Macleay Valley Way near Sutherland Street (Suburb:Bellimbopinni, Region:North Coast NSW)",Tue 20 May 2025 08:01AM,-,1 of 8,"[152.9102, -31.0035]",Both directions Closed
235309-webtirf,FLOODING,"Crescent Head Road near Rudders Lagoon (Suburb:South Kempsey, Region:North Coast NSW)",Tue 20 May 2025 08:10AM,-,2 of 19,"[152.8395, -31.1022]",Both directions Closed
235373-webtirf,FLOODING,"Beechwood Road at Pembrook Road (Suburb:Wauchope, Region:North Coast NSW)",Tue 20 May 2025 10:41AM,-,1 of 6,"[152.7054, -31.4361]",All directions Closed
235380.0-webtirf,FLOODING,"Wide Street between Sea Street Kemp Street(Suburb:West Kempsey, Region:North Coast NSW)",Tue 20 May 2025 11:03AM,-,1 of 1,"[152.8311, -31.0744]",Both directions Closed
235384-webtirf,FLOODING,"Gladstone Street at Railway Underpass (Suburb:Kempsey, Region:North Coast NSW)",Tue 20 May 2025 11:06AM,-,1 of 25,"[152.8346, -31.0694]",Both directions Closed
235388-webtirf,FLOODING,"Wide Street between Sea Street Kemp Street(Suburb:West Kempsey, Region:North Coast NSW)",Tue 20 May 2025 11:14AM,-,1 of 20,"[152.8312, -31.0744]",Both directions Closed
235413-webtirf,FLOODING,"Tuffins Lane at  (Suburb:Port Macquarie, Region:North Coast NSW)",Tue 20 May 2025 12:35PM,-,1 of 6,"[152.8674, -31.4207]",Both directions Closed
235424-webtirf,ADVERSE WEATHER Water over road,"Toorak Court at  (Suburb:Port Macquarie, Region:North Coast NSW)",Tue 20 May 2025 12:56PM,-,1 of 2,"[152.881, -31.4502]",Both directions Closed
235433-webtirf,FLOODING,"Dungay Creek Road at Dungay Creek Causeway (Suburb:Wittitrin, Region:North Coast NSW)",Tue 20 May 2025 01:54PM,-,1 of 23,"[152.6647, -31.1017]",Both directions Closed
235457-webtirf,ADVERSE WEATHER Water over road,"Mortons Creek Road at  (Suburb:Mortons Creek, Region:North Coast NSW)",Tue 20 May 2025 03:11PM,-,1 of 3,"[152.6888, -31.4281]",All directions Closed
235477-webtirf,FLOODING,"Temagog Road at Temagog bridge (Suburb:Temagog, Region:North Coast NSW)",Tue 20 May 2025 05:22PM,-,1 of 21,"[152.6546, -30.9764]",Both directions Closed
235478-webtirf,FLOODING,"Euroka Road at Theresa Street (Suburb:South Kempsey, Region:North Coast NSW)",Tue 20 May 2025 05:27PM,-,1 of 22,"[152.8155, -31.0865]",Both directions Closed
235479-webtirf,FLOODING,"Old Aerodrome Road at  (Suburb:Aldavilla, Region:North Coast NSW)",Tue 20 May 2025 05:29PM,-,1 of 18,"[152.7774, -31.0713]",Both directions Closed
235480.0-webtirf,FLOODING,"Sutherlands Lane at  (Suburb:Bellimbopinni, Region:North Coast NSW)",Tue 20 May 2025 05:30PM,-,1 of 23,"[152.9118, -30.9942]",Both directions Closed
235482-webtirf,FLOODING,"Little loops Road at  (Suburb:Upper Rollands Plains, Region:North Coast NSW)",Tue 20 May 2025 05:35PM,-,1 of 4,"[152.6147, -31.2373]",All directions Closed
235487-webtirf,FLOODING,"Bril Bril Road at  (Suburb:Rollands Plains, Region:North Coast NSW)",Tue 20 May 2025 06:02PM,-,1 of 7,"[152.6429, -31.2817]",All directions Closed
235494-webtirf,FLOODING,"Sherwood Road at Sherwood Bridge (Suburb:Yarravel, Region:North Coast NSW)",Tue 20 May 2025 06:47PM,-,1 of 19,"[152.731, -31.0591]",Both directions Closed
235495-webtirf,FLOODING,"Toose Road at Bellbrook Bridge (Suburb:Bellbrook, Region:North Coast NSW)",Tue 20 May 2025 06:50PM,-,2 of 23,"[152.5057, -30.8197]",Both directions Closed
235496-webtirf,FLOODING,"Toorooka Road at Toorooka Bridge (Suburb:Toorooka, Region:North Coast NSW)",Tue 20 May 2025 06:52PM,-,2 of 20,"[152.5829, -30.9194]",Both directions Closed
235514-webtirf,FLOODING,"Turners Flat Road at Turners Flat Bridge (Suburb:Skillion Flat, Region:North Coast NSW)",Tue 20 May 2025 10:03PM,-,2 of 16,"[152.7125, -31.009]",Both directions Closed
235515-webtirf,FLOODING,"Pembrooke Road at Farrawells Road (Suburb:Telegraph Point, Region:North Coast NSW)",Tue 20 May 2025 10:07PM,-,1 of 5,"[152.7905, -31.3438]",Both directions Closed
235524-webtirf,FLOODING,"Beechwood Road at Glenview Drive (Suburb:Yippin Creek, Region:North Coast NSW)",Wed 21 May 2025 12:34AM,-,1 of 8,"[152.7209, -31.4531]",Both directions Closed
235525-webtirf,FLOODING,"Alma Street at  (Suburb:Wauchope, Region:North Coast NSW)",Wed 21 May 2025 12:38AM,-,1 of 7,"[152.7371, -31.4529]",Both directions Closed
235526-webtirf,FLOODING,"Oxley Highway at Bluffview Road (Suburb:Rosewood, Region:North Coast NSW)",Wed 21 May 2025 12:56AM,-,1 of 39,"[152.6687, -31.4761]",Both directions Closed
235527-webtirf,FLOODING,"Settlement Point Road at  (Suburb:Port Macquarie, Region:North Coast NSW)",Wed 21 May 2025 01:32AM,-,1 of 5,"[152.8947, -31.4146]",Both directions Closed
235535-webtirf,FLOODING,"Rollands Plains Road at  (Suburb:Telegraph Point, Region:North Coast NSW)",Wed 21 May 2025 05:18AM,-,1 of 3,"[152.7415, -31.33]",Both directions Closed
235548-webtirf,FLOODING,"King Creek Road at  (Suburb:King Creek, Region:North Coast NSW)",Wed 21 May 2025 06:41AM,-,1 of 6,"[152.7394, -31.4885]",Both directions Closed
235551-webtirf,FLOODING,"Maria River Road at  (Suburb:Limeburners Creek, Region:North Coast NSW)",Wed 21 May 2025 06:56AM,-,1 of 3,"[152.874, -31.4042]",Both directions Closed
235559-webtirf,FLOODING,"Willi Willi Road at McCoy’s Bridge (Suburb:Moparrabah, Region:North Coast NSW)",Wed 21 May 2025 07:53AM,-,1 of 42,"[152.5114, -30.9675]",Both directions Closed
235560.0-webtirf,FLOODING,"Armidale Road at  (Suburb:Willawarrin, Region:North Coast NSW)",Wed 21 May 2025 07:54AM,-,1 of 9,"[152.612, -30.9217]",Both directions Closed
235562-webtirf,FLOODING,"Saleyards Road at  (Suburb:Kempsey, Region:North Coast NSW)",Wed 21 May 2025 07:56AM,-,1 of 24,"[152.8369, -31.0509]",Both directions Closed
235589-webtirf,FLOODING,"Dowlings Falls Road at Dowlings Falls Causeway (Suburb:Toorooka, Region:North Coast NSW)",Wed 21 May 2025 08:43AM,-,1 of 24,"[152.5882, -30.9297]",Both directions Closed
235599-webtirf,FLOODING,"Taylors Arm Road near Laverty Bridge (Suburb:Taylors Arm, Region:North Coast NSW)",Wed 21 May 2025 09:00AM,-,1 of 15,"[152.7183, -30.766]",Both directions Closed
235601-webtirf,FLOODING,"Smith Street at First Lane (Suburb:Kempsey, Region:North Coast NSW)",Wed 21 May 2025 09:01AM,-,1 of 2,"[152.8452, -31.0704]",Both directions Closed
235602-webtirf,FLOODING,"Greenhills Rd at Factory Bridge (Suburb:Upper Taylors Arm, Region:North Coast NSW)",Wed 21 May 2025 09:02AM,-,1 of 17,"[152.6964, -30.7824]",Both directions Closed
235606-webtirf,FLOODING,"Second Lane at  (Suburb:Kempsey, Region:North Coast NSW)",Wed 21 May 2025 09:03AM,-,1 of 20,"[152.8427, -31.0546]",Both directions Closed
235608-webtirf,FLOODING,"Scotts Head Road at Pacific Highway Underpass (Suburb:Way Way, Region:North Coast NSW)",Wed 21 May 2025 09:06AM,-,1 of 6,"[152.9191, -30.7428]",Both directions Closed
235611-webtirf,FLOODING,"South Bank Road at  (Suburb:Eungai Rail, Region:North Coast NSW)",Wed 21 May 2025 09:10AM,-,1 of 14,"[152.8995, -30.8518]",Both directions Closed
235612-webtirf,FLOODING,"Boat Harbour Road at 135 Boat Harbour Bridge (Suburb:Utungun, Region:North Coast NSW)",Wed 21 May 2025 09:11AM,-,1 of 15,"[152.825, -30.7267]",Both directions Closed
235619-webtirf,FLOODING,"Upper Warrell Creek Road at 165 Peterkins Bridge (Suburb:Congarinni, Region:North Coast NSW)",Wed 21 May 2025 09:19AM,-,1 of 15,"[152.8968, -30.753]",Both directions Closed
235620.0-webtirf,FLOODING,"Congarinni Rd S at 28 Lovedays Bridge (Suburb:Congarinni, Region:North Coast NSW)",Wed 21 May 2025 09:21AM,-,1 of 18,"[152.8793, -30.7469]",Both directions Closed
235621-webtirf,FLOODING,"Yarrawonga Street near Centra Park Street (Suburb:Macksville, Region:North Coast NSW)",Wed 21 May 2025 09:23AM,-,1 of 18,"[152.9117, -30.7261]",Both directions Closed
235627-webtirf,FLOODING,"Short Street between Hayward Street William Street(Suburb:Port Macquarie, Region:North Coast NSW)",Wed 21 May 2025 09:31AM,-,1 of 5,"[152.9071, -31.4333]",All directions Closed
235643-webtirf,FLOODING,"Pipeclay Road at  (Suburb:Pipeclay, Region:North Coast NSW)",Wed 21 May 2025 10:08AM,-,1 of 3,"[152.5773, -31.4469]",All directions Closed
235694-webtirf,FLOODING,"Verge Street at Coles (Suburb:Kempsey, Region:North Coast NSW)",Wed 21 May 2025 12:42PM,-,1 of 18,"[152.8375, -31.081]",Both directions Closed
235695-webtirf,FLOODING,"Stuart Street between Forth Street Smith Street(Suburb:Kempsey, Region:North Coast NSW)",Wed 21 May 2025 12:45PM,-,1 of 17,"[152.8397, -31.0781]",Both directions Closed
235696-webtirf,FLOODING,"Collombatti Road at Tea Tree Farm (Suburb:Collombatti, Region:North Coast NSW)",Wed 21 May 2025 12:49PM,-,1 of 11,"[152.7918, -30.9616]",Both directions Closed
235699-webtirf,FLOODING,"Kemp Street between Wide Street Broughton Street(Suburb:Kempsey, Region:North Coast NSW)",Wed 21 May 2025 12:51PM,-,1 of 21,"[152.8328, -31.0741]",Both directions Closed
235700.0-webtirf,FLOODING,"Maria River Road at  (Suburb:Crescent Head, Region:North Coast NSW)",Wed 21 May 2025 12:54PM,-,1 of 16,"[152.9023, -31.2418]",Both directions Closed
235719-webtirf,FLOODING,"Belgrave Street between Smith Street Netball Courts(Suburb:Kempsey, Region:North Coast NSW)",Wed 21 May 2025 02:07PM,-,2 of 15,"[152.8418, -31.0806]",Both directions Closed
235742-webtirf,FLOODING,"Kinchela Creek Left Bank Road at  (Suburb:Kinchela, Region:North Coast NSW)",Wed 21 May 2025 03:15PM,-,1 of 23,"[152.9805, -31.0004]",Both directions Closed
235745-webtirf,FLOODING,"Kinchela Creek Right Bank Road at  (Suburb:Kinchela, Region:North Coast NSW)",Wed 21 May 2025 03:18PM,-,1 of 22,"[152.994, -30.9908]",Both directions Closed
235747-webtirf,FLOODING,"Belmore River Left Bank Road at  (Suburb:Belmore River, Region:North Coast NSW)",Wed 21 May 2025 03:23PM,-,1 of 25,"[152.9799, -31.1139]",Both directions Closed
235753-webtirf,FLOODING,"Belmore River Right Bank Road at  (Suburb:Belmore River, Region:North Coast NSW)",Wed 21 May 2025 03:30PM,-,1 of 24,"[152.9533, -31.1106]",Both directions Closed
235758-webtirf,FLOODING,"Summer Island Road between smithtown Plummers Lane(Suburb:Smithtown, Region:North Coast NSW)",Wed 21 May 2025 03:36PM,-,1 of 15,"[152.9502, -31.0081]",Both directions Closed
235760.0-webtirf,FLOODING,"Smithtown Road between Macleay Valley Way Smithtown(Suburb:Smithtown, Region:North Coast NSW)",Wed 21 May 2025 03:39PM,-,1 of 15,"[152.9192, -30.9966]",Both directions Closed
235762-webtirf,FLOODING,"Plummers Lane between Macleay Valley Way Jerseyville(Suburb:Jerseyville, Region:North Coast NSW)",Wed 21 May 2025 03:43PM,-,1 of 15,"[152.9507, -30.9559]",Both directions Closed
235765-webtirf,FLOODING,"First Lane between Macleay Valley Way Gladstone Street(Suburb:Kempsey, Region:North Coast NSW)",Wed 21 May 2025 03:50PM,-,1 of 20,"[152.8453, -31.0698]",Both directions Closed
235767-webtirf,FLOODING,"Eden Street between Sydney Street Kemp Street(Suburb:Kempsey, Region:North Coast NSW)",Wed 21 May 2025 03:53PM,-,1 of 8,"[152.837, -31.0831]",Both directions Closed
235773-webtirf,FLOODING,"Old Station Road at Verges Creek Road (Suburb:Verges Creek, Region:North Coast NSW)",Wed 21 May 2025 04:02PM,-,1 of 17,"[152.9002, -31.0809]",Both directions Closed
235775-webtirf,FLOODING,"Sea Street at Showground (Suburb:West Kempsey, Region:North Coast NSW)",Wed 21 May 2025 04:10PM,-,1 of 18,"[152.829, -31.0737]",Both directions Closed
235777-webtirf,FLOODING,"South West Rocks Road between Gladstone Pola Creek(Suburb:Gladstone, Region:North Coast NSW)",Wed 21 May 2025 04:17PM,-,1 of 15,"[152.9449, -31.0318]",Both directions Closed
235779-webtirf,FLOODING,"South West Rocks Road between Smithtown Road Plummers Lane(Suburb:Smithtown, Region:North Coast NSW)",Wed 21 May 2025 04:19PM,-,1 of 20,"[152.9514, -31.0164]",Both directions Closed
235780.0-webtirf,FLOODING,"Macleay Valley Way between Smithtown Road Frederickton 100km zone(Suburb:Frederickton, Region:North Coast NSW)",Wed 21 May 2025 04:20PM,-,1 of 16,"[152.9191, -30.9968]",Both directions Closed
235781-webtirf,FLOODING,"Macleay Valley Way between Smithtown Road Plummers Lane(Suburb:Frederickton, Region:North Coast NSW)",Wed 21 May 2025 04:23PM,-,1 of 15,"[152.9192, -30.9966]",Both directions Closed
235799-webtirf,FLOODING,"Macleay Valley Way between Frederickton Kempsey(Suburb:Frederickton, Region:North Coast NSW)",Wed 21 May 2025 05:39PM,-,1 of 19,"[152.8612, -31.0352]",Both directions Closed
235830.0-webtirf,FLOODING,"Hastings Street at  (Suburb:Wauchope, Region:North Coast NSW)",Wed 21 May 2025 08:53PM,-,1 of 2,"[152.7335, -31.4516]",Both directions Closed
235831-webtirf,FLOODING,"Lake Road at  (Suburb:port macquarie, Region:North Coast NSW)",Wed 21 May 2025 09:05PM,-,1 of 5,"[152.8994, -31.4472]",Both directions Closed
235832-webtirf,FLOODING,"Parker Street at  (Suburb:WAUCHOPE, Region:North Coast NSW)",Wed 21 May 2025 09:08PM,-,1 of 2,"[152.7303, -31.4521]",Both directions Closed
235861-webtirf,FLOODING,"Buller Street at  (Suburb:Port Macquarie, Region:North Coast NSW)",Thu 22 May 2025 04:07AM,-,2 of 8,"[152.9034, -31.4311]",Both directions Closed
235862-webtirf,FLOODING,"Pembrooke Road at  (Suburb:Pembrooke, Region:North Coast NSW)",Thu 22 May 2025 04:26AM,-,2 of 4,"[152.7473, -31.4017]",Both directions Closed
235889-webtirf,FLOODING,"Kemp Street between North Street Prior Circuit(Suburb:Kempsey, Region:North Coast NSW)",Thu 22 May 2025 07:38AM,-,1 of 14,"[152.837, -31.0538]",Both directions Closed
235890.0-webtirf,FLOODING,"Sherwood Road between Armidale Road Ronella Drive(Suburb:Yarravel, Region:North Coast NSW)",Thu 22 May 2025 07:42AM,-,1 of 10,"[152.7879, -31.0541]",Both directions Closed
235892-webtirf,FLOODING,"Marys Bay Road at  (Suburb:Dondingalong, Region:North Coast NSW)",Thu 22 May 2025 07:44AM,-,1 of 9,"[152.7916, -31.0973]",Both directions Closed
235894-webtirf,FLOODING,"Bloomfield Street between New Street Railway line(Suburb:South Kempsey, Region:North Coast NSW)",Thu 22 May 2025 07:49AM,-,1 of 15,"[152.8358, -31.0906]",Both directions Closed
235895-webtirf,FLOODING,"Cochrane Street between Cameron Street Williamson Bros Depot(Suburb:West Kempsey, Region:North Coast NSW)",Thu 22 May 2025 07:53AM,-,1 of 8,"[152.8321, -31.0647]",Both directions Closed
235896-webtirf,FLOODING,"Spooners Avenue at  (Suburb:Collombatti, Region:North Coast NSW)",Thu 22 May 2025 07:55AM,-,1 of 10,"[152.8225, -31.0167]",Both directions Closed
235898-webtirf,FLOODING,"Tabrett Street at Bestic Street (Suburb:West Kempsey, Region:North Coast NSW)",Thu 22 May 2025 08:12AM,-,1 of 14,"[152.8268, -31.0657]",Both directions Closed
235899-webtirf,FLOODING,"Cameron Street at Bestic Street (Suburb:West Kempsey, Region:North Coast NSW)",Thu 22 May 2025 08:13AM,-,1 of 8,"[152.8273, -31.0667]",Both directions Closed
235901-webtirf,FLOODING,"Blackman Point Road at  (Suburb:The Hatch, Region:North Coast NSW)",Thu 22 May 2025 08:15AM,-,1 of 6,"[152.8123, -31.3915]",All directions Closed
235936-webtirf,FLOODING,"Sun Valley Road at  (Suburb:Cooperabung, Region:North Coast NSW)",Thu 22 May 2025 09:45AM,-,1 of 2,"[152.8123, -31.2965]",All directions Closed
235938-webtirf,FLOODING,"Haydons Wharf Road at  (Suburb:Cooperabung, Region:North Coast NSW)",Thu 22 May 2025 09:47AM,-,1 of 3,"[152.8208, -31.3063]",All directions Closed
235939-webtirf,FLOODING,"Mumford Street at  (Suburb:port Macquarie, Region:North Coast NSW)",Thu 22 May 2025 09:51AM,-,1 of 5,"[152.8843, -31.4296]",All directions Closed
235988-webtirf,FLOODING,"Gowings Hill Road at  (Suburb:Dondingalong, Region:North Coast NSW)",Thu 22 May 2025 12:18PM,-,1 of 8,"[152.7641, -31.0997]",Both directions Closed
236001-webtirf,FLOODING,"Crescent Head Road at  (Suburb:Crescent Head, Region:North Coast NSW)",Thu 22 May 2025 01:04PM,-,1 of 17,"[152.9467, -31.1772]",Both directions Closed
236003-webtirf,FLOODING,"Lord Street at Kempsey Traffic Bridge (Suburb:East Kempsey, Region:North Coast NSW)",Thu 22 May 2025 01:07PM,-,1 of 7,"[152.8439, -31.0815]",Both directions Closed
236100.0-webtirf,FLOODING,"Belgrave Street at railway (Suburb:Kempsey, Region:North Coast NSW)",Thu 22 May 2025 05:21PM,-,1 of 17,"[152.8323, -31.0793]",Both directions Closed
236101-webtirf,FLOODING,"Lord Street at Rudder Street (Suburb:East Kempsey, Region:North Coast NSW)",Thu 22 May 2025 05:22PM,-,1 of 12,"[152.8455, -31.0821]",Both directions Closed
236181-webtirf,FLOODING,"Pembrooke Road at  (Suburb:Pembrooke, Region:North Coast NSW)",Fri 23 May 2025 12:15AM,-,1 of 2,"[152.7558, -31.383]",Both directions Closed
236190.0-webtirf,FLOODING,"The Hatch Road at  (Suburb:The Hatch, Region:North Coast NSW)",Fri 23 May 2025 12:44AM,-,1 of 4,"[152.8315, -31.3929]",Both directions Closed
236441-webtirf,FLOODING,"Hacks Ferry Road at Mooney Street (Suburb:Telegraph Point, Region:North Coast NSW)",Fri 23 May 2025 12:45PM,-,1 of 2,"[152.7963, -31.3274]",Both directions Closed
236539-webtirf,FLOODING,"Moparrabah Road at Parrabel Creek (Suburb:Moparrabah, Region:North Coast NSW)",Fri 23 May 2025 05:22PM,-,1 of 14,"[152.5615, -30.9394]",Both directions Closed
236541-webtirf,FLOODING,"Loftus Road at Ryans Cut (Suburb:Crescent Head, Region:North Coast NSW)",Fri 23 May 2025 05:25PM,-,1 of 18,"[152.9913, -31.1267]",Both directions Closed
236716-webtirf,FLOODING,"Belgrave Street at John Street (Suburb:Kempsey, Region:North Coast NSW)",Sun 25 May 2025 05:22PM,-,1 of 2,"[152.8402, -31.0805]",Both directions Closed
236771-webtirf,FLOODING,"Plummers Lane between Macleay Valley Way Summer Island Road(Suburb:Rainbow Reach, Region:North Coast NSW)",Mon 26 May 2025 08:09AM,-,1 of 6,"[152.9871, -30.957]",All directions Closed
236802-webtirf,FLOODING,"Macleay Valley Way between Goulds Lane Plummers Lane(Suburb:Clybucca, Region:North Coast NSW)",Mon 26 May 2025 10:21AM,-,1 of 6,"[152.9444, -30.941]",All directions Closed
236805-webtirf,FLOODING,"Summer Island Road at  (Suburb:Summer Island, Region:North Coast NSW)",Mon 26 May 2025 10:23AM,-,1 of 7,"[152.9759, -30.9786]",All directions Closed
236993-webtirf,FLOODING,"Wide Street between Sea Street Kemp Street(Suburb:West Kempsey, Region:North Coast NSW)",Tue 27 May 2025 08:11AM,-,1 of 4,"[152.8297, -31.075]",All directions Closed
236995-webtirf,FLOODING,"Maria River Road at  (Suburb:Crescent Head, Region:North Coast NSW)",Tue 27 May 2025 08:17AM,-,1 of 6,"[152.9418, -31.1753]",All directions Closed
236997-webtirf,FLOODING,"Smith Street at First Lane (Suburb:Kempsey, Region:North Coast NSW)",Tue 27 May 2025 08:22AM,-,1 of 3,"[152.8452, -31.0704]",All directions Closed
237073-webtirf,FLOODING,"Belmore River Left Bank Road at  (Suburb:Belmore River, Region:North Coast NSW)",Tue 27 May 2025 02:22PM,-,1 of 6,"[152.965, -31.073]",All directions Closed
237074-webtirf,FLOODING,"Belmore River Right Bank Road at  (Suburb:Belmore River, Region:North Coast NSW)",Tue 27 May 2025 02:24PM,-,1 of 6,"[152.9652, -31.0721]",All directions Closed
237153-webtirf,FLOODING,"Old Station Road between Verges Creek Road South West Rocks Road(Suburb:Verges Creek, Region:North Coast NSW)",Wed 28 May 2025 09:22AM,-,1 of 4,"[152.8984, -31.0817]",All directions Closed
237199-webtirf,FLOODING,"Elfords Road at The Hatch Road (Suburb:The Hatch, Region:North Coast NSW)",Wed 28 May 2025 02:49PM,-,1 of 2,"[152.8359, -31.363]",Both directions Closed
235149-webtirf,FLOODING,"Herons Creek Road at Blackbutt Road (Suburb:Herons Creek, Region:North Coast NSW)",Mon 19 May 2025 12:16PM,-,1 of 5,"[152.7267, -31.5879]",All directions Closed
235162-webtirf,FLOODING,"The Bucketts Way near Clarkes Rd (Suburb:Tinonee, Region:North Coast NSW)",Mon 19 May 2025 01:32PM,-,2 of 3,"[152.3932, -31.9455]",Both directions Closed
235201-webtirf,FLOODING,"Black Creek Road at Lorne Road (Suburb:Lorne, Region:North Coast NSW)",Mon 19 May 2025 02:59PM,-,1 of 5,"[152.6673, -31.6276]",All directions Closed
235204-webtirf,FLOODING,"Lorne Road at Upsalls Creek Road (Suburb:Upsalls Creek, Region:North Coast NSW)",Mon 19 May 2025 03:02PM,-,1 of 6,"[152.6658, -31.628]",All directions Closed
235205-webtirf,FLOODING,"Logans Crossing Road at  (Suburb:Logans Crossing, Region:North Coast NSW)",Mon 19 May 2025 03:05PM,-,1 of 5,"[152.7082, -31.6123]",All directions Closed
235206-webtirf,FLOODING,"Old School Road at Blackbutt Road (Suburb:Herons Creek, Region:North Coast NSW)",Mon 19 May 2025 03:08PM,-,1 of 5,"[152.7194, -31.5651]",All directions Closed
235234-webtirf,FLOODING,"Batar Creek Road between cobs and co Road Benaroon Drive(Suburb:Batar Creek, Region:North Coast NSW)",Mon 19 May 2025 04:57PM,-,2 of 8,"[152.6737, -31.6619]",All directions Closed
235264-webtirf,FLOODING,"Failford Road between Bullocky Way The Lakes Way(Suburb:Failford, Region:North Coast NSW)",Tue 20 May 2025 12:34AM,-,1 of 60,"[152.4595, -32.0909]",Both directions Closed
235271-webtirf,ADVERSE WEATHER Water over road,"Old Bar Road on Old Bar Road (Suburb:Old Bar, Region:North Coast NSW)",Tue 20 May 2025 03:03AM,-,1 of 7,"[152.5302, -31.9551]",All directions Closed
235272-webtirf,ADVERSE WEATHER Water over road,"The Lakes Way between Failford Road Blackhead Road(Suburb:Darawank, Region:North Coast NSW)",Tue 20 May 2025 03:19AM,-,1 of 4,"[152.4802, -32.0822]",Both directions Closed
235276-webtirf,ADVERSE WEATHER Water over road,"The Bucketts Way at Deans Creek Road (Suburb:Tinonee, Region:North Coast NSW)",Tue 20 May 2025 05:06AM,-,1 of 4,"[152.4157, -31.9457]",All directions Closed
235277-webtirf,ADVERSE WEATHER Water over road,"Manning Point Road between manning Point Tea Tree Lane(Suburb:Mitchells Island, Region:North Coast NSW)",Tue 20 May 2025 05:17AM,-,1 of 7,"[152.6122, -31.8978]",Both directions Closed
235299-webtirf,ADVERSE WEATHER Water over road,"Tinonee Road at Bight Bridge (Suburb:Wingham, Region:North Coast NSW)",Tue 20 May 2025 07:25AM,-,1 of 11,"[152.371, -31.8748]",Both directions Closed
235333-webtirf,FLOODING,"Bobs Creek Road at  (Suburb:Bobs Creek, Region:North Coast NSW)",Tue 20 May 2025 09:02AM,-,1 of 8,"[152.7524, -31.5859]",All directions Closed
235349-webtirf,ADVERSE WEATHER Water over road,"Victoria Street on Pulteney Street (Suburb:Taree, Region:North Coast NSW)",Tue 20 May 2025 09:52AM,-,1 of 5,"[152.4584, -31.9145]",All directions Closed
235353-webtirf,FLOODING,"River Street at Pulteney Street (Suburb:Taree, Region:North Coast NSW)",Tue 20 May 2025 09:56AM,-,1 of 6,"[152.4584, -31.9163]",All directions Closed
235357-webtirf,FLOODING,"Shorts Road on  (Suburb:Killabakh, Region:North Coast NSW)",Tue 20 May 2025 10:01AM,-,1 of 3,"[152.4064, -31.814]",All directions Closed
235368-webtirf,FLOODING,"The Bucketts Way on  (Suburb:Hillville, Region:North Coast NSW)",Tue 20 May 2025 10:27AM,-,1 of 3,"[152.3127, -31.9505]",All directions Closed
235385-webtirf,FLOODING,"Claxton Street at  (Suburb:Tinonee, Region:North Coast NSW)",Tue 20 May 2025 11:07AM,-,1 of 10,"[152.4116, -31.9366]",All directions Closed
235386-webtirf,FLOODING,"Cotton Street at  (Suburb:Tinonee, Region:North Coast NSW)",Tue 20 May 2025 11:09AM,-,1 of 10,"[152.4119, -31.9331]",All directions Closed
235391-webtirf,FLOODING,"Gloucester Road at Glenyarra Road (Suburb:Wingham, Region:North Coast NSW)",Tue 20 May 2025 11:21AM,-,1 of 6,"[152.3402, -31.873]",All directions Closed
235411-webtirf,FLOODING,"Coopernook Road at George Gibson Drive (Suburb:Coopernook, Region:North Coast NSW)",Tue 20 May 2025 12:33PM,-,1 of 6,"[152.6088, -31.8308]",All directions Closed
235414-webtirf,FLOODING,"Denison Street at Church Street (Suburb:Gloucester, Region:North Coast NSW)",Tue 20 May 2025 12:42PM,-,1 of 2,"[152.6088, -31.8308]",All directions Closed
235436-webtirf,FLOODING,"The Bucketts Way at Station St (Suburb:Gloucester, Region:Hunter)",Tue 20 May 2025 02:02PM,-,1 of 9,"[151.969, -32.0079]",All directions Closed
235466-webtirf,ADVERSE WEATHER Water over road,"Pacific Highway at Old Bridge Road (Suburb:Jones Island, Region:North Coast NSW)",Tue 20 May 2025 04:25PM,-,4 of 92,"[152.6071, -31.8483]",Southbound Lanes closed (2 of 3)
235468-webtirf,FLOODING,"Bayview Crescent at  (Suburb:taree, Region:North Coast NSW)",Tue 20 May 2025 04:34PM,-,1 of 3,"[152.4419, -31.9084]",All directions Closed
235470.0-webtirf,FLOODING,"Bayview Crescent at  (Suburb:taree, Region:North Coast NSW)",Tue 20 May 2025 04:53PM,-,1 of 2,"[152.4419, -31.9084]",All directions Closed
235474-webtirf,FLOODING,"Harrington Road at  (Suburb:Harrington, Region:North Coast NSW)",Tue 20 May 2025 05:06PM,-,1 of 4,"[152.6163, -31.8333]",All directions Closed
235503-webtirf,ADVERSE WEATHER Water over road,"Manning River Drive between Martin Bridge Biripi Way(Suburb:Taree South, Region:North Coast NSW)",Tue 20 May 2025 07:43PM,-,1 of 8,"[152.4597, -31.9182]",Both directions Closed
235504-webtirf,FLOODING,"Crescent Avenue at Bent Street (Suburb:Taree, Region:North Coast NSW)",Tue 20 May 2025 07:49PM,-,1 of 3,"[152.4713, -31.9071]",All directions Closed
235507-webtirf,FLOODING,"Bayview Crescent at Link Street (Suburb:Taree, Region:North Coast NSW)",Tue 20 May 2025 08:06PM,-,1 of 2,"[152.4414, -31.9076]",All directions Closed
235512-webtirf,FLOODING,"Victoria Street on Victoria Street (Suburb:Taree, Region:North Coast NSW)",Tue 20 May 2025 09:10PM,-,1 of 4,"[152.4695, -31.9082]",Both directions Closed
235528-webtirf,FLOODING,"The Boulevarde at  (Suburb:Dunbogan, Region:North Coast NSW)",Wed 21 May 2025 02:03AM,-,2 of 8,"[152.804, -31.6524]",Both directions Closed
235529-webtirf,FLOODING,"Ocean Drive at  (Suburb:North Haven, Region:North Coast NSW)",Wed 21 May 2025 02:19AM,-,1 of 7,"[152.8048, -31.6419]",Both directions Closed
235532-webtirf,FLOODING,"Diamond Head Road at  (Suburb:Dunbogan, Region:North Coast NSW)",Wed 21 May 2025 03:57AM,-,1 of 7,"[152.8045, -31.6702]",Both directions Closed
235540.0-webtirf,ADVERSE WEATHER Water over road,"Manning River Drive at Biripi Way (Suburb:Taree South, Region:North Coast NSW)",Wed 21 May 2025 05:55AM,-,1 of 3,"[152.4666, -31.9337]",All directions Closed
235547-webtirf,ADVERSE WEATHER Water over road,"Old Bar Road between Old Bar Pacific Highway(Suburb:Pampoolah, Region:North Coast NSW)",Wed 21 May 2025 06:37AM,-,1 of 7,"[152.5136, -31.9488]",Both directions Closed
235644-webtirf,FLOODING,"Relfs Road between Irrawang Road Bowman Farm Road(Suburb:Gloucester, Region:Hunter)",Wed 21 May 2025 10:15AM,-,1 of 5,"[151.9505, -31.9823]",All directions Closed
235646-webtirf,FLOODING,"wingham road between Youngs Road Kolodong Road(Suburb:Wingham, Region:North Coast NSW)",Wed 21 May 2025 10:20AM,-,1 of 3,"[152.3903, -31.8609]",All directions Closed
235648-webtirf,FLOODING,"Bushland Drive between Palanas Drive Lawson Crescent(Suburb:Taree, Region:North Coast NSW)",Wed 21 May 2025 10:36AM,-,1 of 3,"[152.4723, -31.8941]",All directions Closed
235650.0-webtirf,FLOODING,"Florence Street at  (Suburb:Taree, Region:North Coast NSW)",Wed 21 May 2025 10:44AM,-,1 of 3,"[152.4664, -31.9035]",All directions Closed
235668-webtirf,ADVERSE WEATHER Water over road,"The Lakes Way between Failford Road Blackhead Road(Suburb:Darawank, Region:North Coast NSW)",Wed 21 May 2025 11:23AM,-,1 of 4,"[152.4803, -32.0828]",All directions Lanes closed
235687-webtirf,FLOODING,"Cedar Party Road at Yarratt Road (Suburb:Cedar Party, Region:North Coast NSW)",Wed 21 May 2025 12:26PM,-,1 of 5,"[152.4192, -31.7833]",All directions Closed
235710.0-webtirf,FLOODING,"Stewarts River Road at Gills Road (Suburb:Lorne, Region:North Coast NSW)",Wed 21 May 2025 01:10PM,-,2 of 7,"[152.6107, -31.6636]",Both directions Closed
235792-webtirf,FLOODING,"Whitbread Street at Muldoon Street (Suburb:Taree, Region:North Coast NSW)",Wed 21 May 2025 05:01PM,-,1 of 3,"[152.4556, -31.9008]",All directions Closed
235820.0-webtirf,ADVERSE WEATHER Water over road,"Comboyne Road at Peter Garrett Bridge (Suburb:Wingham, Region:North Coast NSW)",Wed 21 May 2025 07:07PM,-,1 of 4,"[152.3715, -31.8589]",All directions Closed
235863-webtirf,FLOODING,"Toms Creek Road at  (Suburb:Toms Creek, Region:North Coast NSW)",Thu 22 May 2025 04:38AM,-,1 of 4,"[152.3941, -31.5579]",Both directions Closed
236183-webtirf,FLOODING,"North Branch Road at  (Suburb:Lorne, Region:North Coast NSW)",Fri 23 May 2025 12:22AM,-,1 of 2,"[152.6383, -31.6306]",All directions Closed
236210.0-webtirf,FLOODING,"The Lakes Way at Timber Tops Drive (Suburb:Darawank, Region:North Coast NSW)",Fri 23 May 2025 05:00AM,-,1 of 3,"[152.4803, -32.0828]",Both directions Closed
236211-webtirf,ADVERSE WEATHER Water over road,"The Lakes Way between Manns Road Tuncurry Tip Road(Suburb:Darawank, Region:North Coast NSW)",Fri 23 May 2025 05:03AM,-,1 of 3,"[152.4897, -32.1283]",Both directions Closed
236770.0-webtirf,FLOODING,"Bowman Farm Road at  (Suburb:Barrington, Region:Hunter)",Mon 26 May 2025 08:06AM,-,1 of 3,"[151.931, -31.9406]",All directions Closed
236299-webtirf,FLOODING,"Dowling Street at Fingal Street (Suburb:Nelson Bay, Region:Hunter)",Fri 23 May 2025 08:34AM,-,1 of 3,"[152.1501, -32.7213]",All directions Closed
190260.0-webtirf,ADVERSE WEATHER Water over road,"Lemington Road at Moses Crossing (Suburb:Jerrys Plains, Region:Hunter)",Thu 04 Apr 2024 08:52PM,-,2 of 8,"[150.9369, -32.5165]",Both directions Lanes closed (2 of 2)
235084-webtirf,FLOODING,"Wells Gully Road at  (Suburb:McCullys Gap, Region:Hunter)",Mon 19 May 2025 10:05AM,-,1 of 8,"[150.9294, -32.1949]",Both directions Closed
235089-webtirf,FLOODING,"Saint Heliers Road at  (Suburb:Muswellbrook, Region:Hunter)",Mon 19 May 2025 10:08AM,-,1 of 8,"[150.9127, -32.2233]",Both directions Closed
235090.0-webtirf,FLOODING,"Hebden Road at  (Suburb:Muswellbrook, Region:Hunter)",Mon 19 May 2025 10:10AM,-,1 of 4,"[150.9906, -32.3492]",Both directions Closed
235101-webtirf,FLOODING,"Gearys Crossing Road at First Crossing (Suburb:Mount Olive, Region:Hunter)",Mon 19 May 2025 10:25AM,-,1 of 2,"[151.2188, -32.3898]",Both directions Closed
235135-webtirf,FLOODING,"Rouchel Gap Road at  (Suburb:McCullys Gap, Region:Hunter)",Mon 19 May 2025 11:31AM,-,1 of 10,"[150.98, -32.1847]",Both directions Closed
235194-webtirf,FLOODING,"Hebden Road at  (Suburb:Hebden, Region:Hunter)",Mon 19 May 2025 02:46PM,-,1 of 7,"[151.0199, -32.3581]",Both directions Closed
235209-webtirf,FLOODING,"Saint Heliers Road at  (Suburb:Muswellbrook, Region:Hunter)",Mon 19 May 2025 03:15PM,-,1 of 8,"[150.9127, -32.2233]",Both directions Closed
235222-webtirf,FLOODING,"Wells Gully Road at  (Suburb:McCullys Gap, Region:Hunter)",Mon 19 May 2025 03:54PM,-,1 of 8,"[150.9294, -32.1949]",Both directions Closed
235223-webtirf,FLOODING,"Rouchel Gap Road at  (Suburb:McCullys Gap, Region:Hunter)",Mon 19 May 2025 03:55PM,-,1 of 10,"[150.98, -32.1847]",Both directions Closed
235467-webtirf,FLOODING,"Lemington Road at Moses Crossing (Suburb:Singleton, Region:Hunter)",Tue 20 May 2025 04:29PM,-,1 of 2,"[150.9368, -32.5166]",All directions Closed
235960.0-webtirf,FLOODING,"Hebden Road near Scrumlo Road (Suburb:Hebden, Region:Hunter)",Thu 22 May 2025 10:39AM,-,1 of 2,"[151.0347, -32.3532]",Both directions Closed
236081-webtirf,FLOODING,"Albano Road at  (Suburb:Rouchel Brook, Region:Hunter)",Thu 22 May 2025 04:17PM,-,1 of 6,"[151.1104, -32.2426]",Both directions Closed
236960.0-webtirf,FLOODING,"Denman Road (Golden Highway) near Edderton Road (Suburb:Muswellbrook, Region:Hunter)",Tue 27 May 2025 04:14AM,-,1 of 16,"[150.7609, -32.3299]",Both directions Closed
236962-webtirf,FLOODING,"Edderton Road at  (Suburb:Edderton, Region:Hunter)",Tue 27 May 2025 05:11AM,-,1 of 3,"[150.8165, -32.3721]",Both directions Closed
241144-webtirf,FLOODING,"Lemington Road at Moses Crossing (Suburb:Singleton, Region:Hunter)",Thu 03 Jul 2025 09:46AM,-,1 of 2,"[150.9368, -32.5166]",All directions Closed
235210.0-webtirf,FLOODING,"Ocean Drive between  Long Point Drive(Suburb:Bonny Hills, Region:North Coast NSW)",Mon 19 May 2025 03:17PM,-,1 of 8,"[152.8273, -31.5667]",All directions Closed
235428-webtirf,ADVERSE WEATHER Water over road,"Oxley Highway at O'Neills Creek (Suburb:Long Flat, Region:North Coast NSW)",Tue 20 May 2025 01:35PM,-,3 of 53,"[152.4988, -31.4396]",Both directions Closed
